mother_id,member_id,kind,zone_px2,source
1182,1018,vid,23379,derived
1318,1019,yard,7133052,derived
1038,1020,yard,2494613,derived
1847,1023,yard,156775,derived
1030,1031,yard,1166000,derived
1033,1041,vid,11578,derived
1119,1045,yard,1554937,derived
1030,1050,yard,1336122,derived
1274,1052,yard,4562553,derived
1237,1053,yard,119737,derived
1281,1054,yard,5862269,derived
1295,1067,yard,2748859,derived
2036,1068,yard,4927432,derived
3490,1069,yard,104986,derived
1076,1075,vid,5731,derived
1036,1080,yard,8105315,derived
1072,1088,yard,90000,derived
1085,1089,vid,6380,derived
1203,1090,yard,679964,derived
1523,1093,yard,329000,derived
1472,1094,yard,263592,derived
1735,1097,yard,66126,derived
1099,1100,vid,7757,derived
1862,1101,vid,9860,derived
1767,1107,yard,14121850,derived
1918,1110,yard,9100475,derived
1274,1112,yard,105249,derived
1366,1113,yard,3347497,derived
1749,1114,vid,15577,derived
1767,1115,yard,18224100,derived
2057,1117,yard,278879,derived
1057,1118,yard,1783725,derived
1057,1122,yard,8185056,derived
1013,1133,yard,4764820,derived
1384,1138,vid,9381,derived
1749,1139,yard,7783149,derived
1145,1142,yard,4564325,derived
1056,1143,vid,6588,derived
1389,1146,yard,154800,derived
1389,1149,yard,252300,derived
1389,1152,yard,186200,derived
1033,1156,yard,3665234,derived
1524,1157,yard,1176182,derived
1332,1162,yard,5400000,derived
1389,1163,yard,252750,derived
1449,1165,yard,2121524,derived
1651,1168,vid,5876,derived
1070,1170,yard,162500,derived
1449,1172,yard,1412950,derived
1540,1176,yard,265669,derived
1822,1179,yard,7872900,derived
1220,1180,yard,6561365,derived
1540,1183,yard,100998,derived
1773,1186,yard,2909804,derived
1012,1188,yard,2989280,derived
1203,1190,yard,2761400,derived
1203,1192,vid,0,derived
1191,1193,yard,6000000,derived
1788,1197,vid,6962,derived
3647,1198,vid,6984,derived
4002,1202,yard,2210065,derived
1538,1204,vid,15000,derived
1206,1207,yard,6491236,derived
1187,1209,yard,2006829,derived
1786,1211,yard,14054008,derived
1300,1212,yard,3100000,derived
1789,1213,yard,3562000,derived
1034,1216,yard,2636946,derived
1215,1217,yard,2097900,derived
2336,1219,yard,2921000,derived
2809,1221,yard,2524266,derived
1055,1222,yard,12161857,derived
1919,1226,yard,8320390,derived
1200,1228,vid,5500,derived
1225,1234,yard,190265,derived
1225,1235,yard,61882,derived
1237,1238,yard,162086,derived
1181,1239,yard,1440000,derived
1225,1240,yard,4140099,derived
1154,1243,vid,30000,derived
1225,1246,yard,4140099,derived
3262,1248,yard,132086,derived
1729,1251,yard,3618839,derived
1470,1253,vid,5500,derived
1016,1254,vid,50,derived
1690,1256,yard,4456945,derived
2026,1260,yard,3278524,derived
1224,1262,yard,2400000,derived
1137,1263,yard,2597277,derived
1096,1264,vid,30000,derived
1034,1266,yard,4662103,derived
1220,1267,vid,30618,derived
1270,1269,yard,5400000,derived
1344,1272,yard,77635,derived
1867,1283,yard,2950075,derived
1281,1288,yard,10978376,derived
1203,1290,yard,319489,derived
1281,1291,yard,4344900,derived
1293,1292,vid,20000,derived
2175,1297,yard,2436959,derived
1281,1304,yard,7703944,derived
1055,1305,yard,1425361,derived
2580,1306,vid,20000,derived
1237,1307,yard,90961,derived
2839,1309,yard,4182164,derived
1376,1311,yard,9845958,derived
1318,1312,yard,1089463,derived
2004,1315,yard,2129071,derived
1346,1316,vid,5640,derived
1499,1322,yard,5694408,derived
1319,1326,yard,11018606,derived
2004,1331,vid,7632,derived
1787,1333,ref,200000,derived
1805,1333,yard,200000,derived
1071,1334,yard,2937500,derived
1765,1335,yard,3190616,derived
1536,1345,yard,1134762,derived
1071,1348,yard,4796500,derived
1255,1350,vid,4590,derived
1034,1355,yard,1398837,derived
1336,1359,yard,406080,derived
1361,1362,vid,8032,derived
1524,1363,yard,1371987,derived
1370,1369,yard,5070000,derived
1748,1373,vid,12600,derived
1879,1374,yard,2995900,derived
2222,1377,vid,8656,derived
1879,1383,yard,1396100,derived
1491,1391,yard,9856000,derived
1646,1392,vid,6544,derived
1012,1397,yard,6098244,derived
1012,1399,yard,1585030,derived
1398,1404,vid,43411,derived
1417,1411,vid,40107,derived
1398,1412,vid,4816,derived
1381,1413,vid,3253,derived
1751,1415,vid,39628,derived
1594,1416,yard,6670000,derived
1429,1428,yard,205476,derived
1055,1433,yard,4491228,derived
1012,1439,yard,3125800,derived
1735,1440,vid,7090,derived
1716,1443,yard,289447,derived
1689,1444,yard,2524686,derived
1445,1446,yard,420000,derived
1273,1458,vid,6240,derived
1372,1460,vid,8833,derived
1913,1461,vid,16130,derived
1447,1465,yard,2113633,derived
1716,1466,vid,4511,derived
1365,1469,yard,1779030,derived
1078,1482,vid,7866,derived
1557,1486,yard,2952229,derived
1479,1487,yard,8943456,derived
1342,1493,yard,5569843,derived
1788,1494,vid,37898,derived
3761,1504,yard,1061487,derived
1092,1520,yard,79200,derived
1530,1528,vid,14464,derived
1765,1529,yard,4246432,derived
1535,1534,yard,3535114,derived
1340,1541,yard,2185000,derived
1543,1544,vid,4559,derived
1600,1545,yard,2785450,derived
1650,1547,vid,5484,derived
1549,1550,vid,11629,derived
3393,1552,vid,34541,derived
1539,1553,yard,857150,derived
1554,1555,yard,9779600,derived
1987,1563,yard,19010740,derived
1371,1571,yard,8839600,derived
1447,1574,vid,8151,derived
1855,1575,vid,13755,derived
1147,1577,vid,6142,derived
1257,1579,yard,745203,derived
1524,1591,yard,126022,derived
1375,1601,vid,6218,derived
1241,1617,yard,27783234,derived
2713,1618,yard,2080000,derived
1751,1623,vid,7810,derived
2713,1624,vid,4872,derived
1630,1631,yard,581747,derived
1874,1633,yard,1426066,derived
1639,1635,yard,6105310,derived
1891,1636,yard,5882214,derived
1639,1637,yard,6960022,derived
1639,1640,yard,56098,derived
1647,1641,vid,5708,derived
1296,1648,yard,396962,derived
1595,1654,vid,6918,derived
1048,1655,vid,9418,derived
2356,1661,yard,2560000,derived
1453,1664,yard,801534,derived
1821,1665,yard,2852928,derived
1542,1666,vid,6175,derived
1091,1670,vid,9932,derived
1593,1671,yard,1910498,derived
1178,1673,vid,8000,derived
1027,1675,vid,10842,derived
1677,1676,yard,435729,derived
1286,1680,yard,4665184,derived
2158,1684,vid,7409,derived
1689,1688,yard,1165408,derived
1748,1698,vid,8984,derived
1699,1700,vid,8966,derived
2801,1707,yard,1564402,derived
1341,1708,yard,2258771,derived
2005,1714,yard,9017908,derived
1750,1715,yard,12961651,derived
2801,1717,yard,891264,derived
1915,1718,yard,4053499,derived
2801,1719,vid,43938,derived
1685,1722,yard,18654650,derived
1576,1723,vid,7013,derived
1576,1724,yard,767922,derived
2216,1732,yard,1181409,derived
1711,1737,yard,1601853,derived
3831,1739,vid,29117,derived
1475,1744,vid,6438,derived
1751,1745,vid,14039,derived
1747,1746,vid,5678,derived
1751,1752,vid,10707,derived
1134,1753,yard,1560000,derived
1703,1754,yard,457202,derived
1703,1755,yard,601887,derived
1646,1756,yard,2256136,derived
1646,1757,yard,1777639,derived
1701,1758,vid,22100,derived
1549,1759,vid,26883,derived
1963,1762,yard,2439328,derived
1220,1774,vid,8117,derived
1646,1778,vid,11544,derived
1857,1783,vid,5000,derived
1035,1784,vid,7344,derived
1035,1785,yard,11100000,derived
1805,1787,ref,150000,derived
2505,1792,vid,9650,derived
1481,1803,vid,11060,derived
1343,1807,yard,2428800,derived
1982,1812,yard,212414,derived
1318,1813,vid,19500,derived
2854,1814,yard,473000,derived
1818,1825,yard,296250,derived
2200,1827,vid,5500,derived
1523,1828,yard,1026000,derived
3245,1831,vid,4301,derived
1833,1832,yard,12585875,derived
2222,1836,vid,7964,derived
1837,1838,yard,1683018,derived
1840,1839,vid,6165,derived
1576,1841,yard,1030974,derived
1829,1848,yard,3638640,derived
1829,1849,yard,2227488,derived
1271,1852,yard,437086,derived
1393,1875,yard,5772000,derived
1881,1882,yard,10560507,derived
3702,1883,vid,12017,derived
1856,1885,vid,14300,derived
1895,1896,vid,20000,derived
1898,1899,vid,14025,derived
1939,1906,yard,379545,derived
1924,1925,vid,12975,derived
1924,1926,vid,5508,derived
1912,1930,yard,877252,derived
1890,1931,yard,8890855,derived
1905,1932,yard,6276639,derived
1905,1933,yard,7359156,derived
1937,1935,yard,2952000,derived
1878,1936,yard,6480067,derived
1846,1938,yard,8648960,derived
1939,1940,yard,3806568,derived
1941,1942,yard,6173207,derived
1941,1943,vid,7047,derived
1178,1944,yard,1403110,derived
1946,1947,yard,23310000,derived
1948,1950,vid,4231,derived
1952,1953,yard,158899,derived
1954,1955,vid,21000,derived
3456,1956,vid,4840,derived
1384,1957,vid,6431,derived
3697,1958,yard,2287792,derived
1963,1961,yard,1388409,derived
1963,1962,yard,8013074,derived
1966,1967,yard,4532135,derived
1966,1968,yard,769547,derived
1970,1971,vid,5964,derived
1342,1974,yard,4071669,derived
1915,1976,yard,1495267,derived
1915,1977,yard,2453066,derived
1915,1978,yard,3187273,derived
1915,1979,yard,2259372,derived
1800,1980,yard,5778020,derived
1770,1981,yard,5900795,derived
1015,1984,yard,18360890,derived
1887,1985,yard,10937798,derived
1887,1986,yard,13666838,derived
1181,1988,yard,4067594,derived
1823,1990,vid,9735,derived
1208,1991,yard,2078803,derived
1210,1992,yard,1163599,derived
1791,1993,yard,7420050,derived
1693,1994,yard,2920427,derived
1662,1995,yard,17597107,derived
3352,1996,yard,59337,derived
1247,1997,yard,6941288,derived
1445,1999,vid,12000,derived
1484,2003,vid,9800,derived
1098,2007,yard,4700297,derived
1481,2008,yard,3863520,derived
1510,2009,vid,30000,derived
1510,2010,vid,8000,derived
1059,2011,yard,3103229,derived
1902,2012,yard,14397277,derived
1072,2013,yard,600000,derived
1072,2014,yard,75000,derived
2015,2016,yard,1455389,derived
2015,2017,yard,361773,derived
2015,2018,yard,1208294,derived
2015,2019,yard,7132235,derived
2023,2024,yard,2730340,derived
2026,2027,yard,1581328,derived
2028,2029,yard,469217,derived
1681,2030,yard,3079719,derived
2034,2035,yard,512815,derived
2031,2037,yard,10377754,derived
1818,2040,yard,2057750,derived
2041,2042,yard,294059,derived
2041,2043,yard,1754098,derived
1365,2044,yard,730394,derived
1229,2046,yard,57513,derived
1455,2048,yard,838868,derived
2888,2049,yard,162406,derived
1733,2051,yard,165000,derived
1733,2052,yard,1260000,derived
1280,2053,vid,36569,derived
1763,2054,yard,2535000,derived
1763,2055,yard,6732500,derived
1763,2056,yard,6265782,derived
1318,2058,vid,16900,derived
1689,2059,yard,977760,derived
1689,2060,yard,1921934,derived
1109,2061,yard,1353232,derived
1478,2062,yard,3000000,derived
1279,2063,yard,3880000,derived
1511,2064,yard,1259050,derived
1622,2065,yard,10500000,derived
1592,2066,yard,161851,derived
1592,2067,yard,571125,derived
2222,2068,vid,7731,derived
2036,2069,yard,3201871,derived
1748,2070,vid,8030,derived
1431,2071,yard,679421,derived
1431,2072,yard,2949884,derived
1431,2073,yard,2893680,derived
1199,2074,yard,1794190,derived
1498,2075,yard,2593367,derived
1983,2076,yard,1189600,derived
1711,2077,vid,41655,derived
1711,2078,yard,54199,derived
2079,2080,yard,3535129,derived
2081,2082,yard,1583746,derived
2083,2084,yard,673964,derived
2083,2085,yard,6513686,derived
1802,2087,vid,7700,derived
1438,2089,yard,14550000,derived
1199,2090,yard,400000,derived
1509,2091,yard,5757258,derived
1509,2092,yard,595935,derived
1509,2093,yard,1216480,derived
1027,2094,yard,914320,derived
1908,2095,yard,12405750,derived
1697,2097,yard,456748,derived
1697,2098,yard,456748,derived
1779,2099,yard,841338,derived
2969,2101,yard,6472356,derived
1610,2102,yard,1884020,derived
1642,2103,yard,14205800,derived
1002,2104,yard,103075,derived
1151,2105,yard,9692238,derived
2100,2106,yard,651875,derived
1310,2109,yard,7977015,derived
1231,2110,yard,19006244,derived
1294,2111,yard,5202750,derived
1760,2112,yard,15355861,derived
1437,2113,yard,6339024,derived
1837,2114,yard,1780676,derived
1154,2115,yard,397309,derived
1154,2116,vid,10280,derived
2117,2118,yard,8670294,derived
2119,2120,yard,2152662,derived
2121,2122,yard,3708000,derived
2124,2125,yard,5955000,derived
1471,2126,yard,7280000,derived
1645,2127,yard,17707560,derived
3001,2131,yard,1312500,derived
1823,2132,vid,5539,derived
2133,2134,yard,5253534,derived
2133,2135,yard,5935787,derived
2133,2136,yard,2453252,derived
2137,2138,yard,4404551,derived
2713,2139,vid,5174,derived
1877,2140,yard,11737914,derived
1877,2141,yard,5191341,derived
2145,2146,yard,3957320,derived
2147,2148,yard,2293500,derived
3254,2148,ref,4542,derived
2147,2149,yard,4515750,derived
1567,2150,yard,6300000,derived
1568,2151,yard,2968660,derived
2155,2156,yard,4467876,derived
2159,2160,yard,2563855,derived
1630,2162,yard,388413,derived
1418,2163,yard,348141,derived
1417,2164,yard,1111232,derived
1417,2165,yard,2242500,derived
1515,2166,yard,4314717,derived
1515,2167,yard,3607875,derived
1842,2168,yard,16590000,derived
1091,2169,yard,1261923,derived
1049,2170,yard,132142,derived
1049,2171,yard,5080800,derived
1473,2172,yard,434937,derived
1277,2173,yard,2615857,derived
1277,2174,yard,4375443,derived
1420,2176,yard,24884269,derived
1721,2178,yard,231006,derived
1506,2179,yard,2461300,derived
1425,2181,yard,16060000,derived
1607,2182,yard,5415297,derived
1660,2185,yard,4136490,derived
1660,2186,yard,5298819,derived
1660,2187,yard,2381616,derived
1559,2189,yard,5166800,derived
1086,2190,yard,2010207,derived
1087,2191,yard,516349,derived
1218,2192,yard,167776,derived
1218,2193,yard,248590,derived
1218,2194,yard,132184,derived
1218,2195,yard,132184,derived
1218,2196,yard,860000,derived
1200,2197,yard,921032,derived
1200,2198,yard,2115026,derived
1743,2199,yard,2288000,derived
1741,2202,yard,4290000,derived
2204,2205,yard,1572816,derived
2206,2207,yard,3918660,derived
1434,2209,yard,3228010,derived
1434,2210,vid,17400,derived
1876,2212,yard,3860828,derived
1141,2213,vid,8000,derived
1092,2214,yard,50000,derived
1241,2217,yard,24276826,derived
1694,2218,vid,0,derived
1694,2219,yard,60000,derived
1694,2220,vid,30000,derived
1569,2221,yard,4644580,derived
1583,2224,yard,3041333,derived
1583,2225,yard,2881396,derived
2226,2227,yard,3587816,derived
2229,2228,yard,7931450,derived
1499,2232,yard,4504950,derived
1612,2233,yard,6116820,derived
2234,2235,yard,5400000,derived
3393,2236,vid,4995,derived
1566,2237,yard,1340949,derived
1728,2238,yard,600000,derived
2239,2240,yard,8730142,derived
2241,2242,yard,5632024,derived
1036,2243,yard,3921526,derived
2245,2246,yard,2929147,derived
2245,2247,yard,7068807,derived
2245,2248,yard,1054231,derived
1525,2249,yard,272730,derived
1525,2250,yard,172365,derived
2251,2252,yard,7837890,derived
2251,2253,yard,5352624,derived
2254,2255,yard,8437305,derived
2254,2256,yard,4366304,derived
2257,2258,yard,6881222,derived
2257,2259,yard,4721796,derived
1286,2260,yard,743511,derived
2261,2262,yard,9089983,derived
2261,2263,yard,1120164,derived
2261,2264,yard,4659329,derived
1804,2265,yard,11845674,derived
1804,2266,yard,7501713,derived
1804,2267,yard,2921743,derived
2107,2268,yard,2052067,derived
2107,2269,yard,2269155,derived
2107,2270,yard,6983281,derived
2271,2272,yard,5382868,derived
2273,2274,yard,9491260,derived
1851,2275,yard,595553,derived
2276,2277,yard,3628080,derived
2281,2282,yard,2301496,derived
1905,2283,yard,150000,derived
1099,2284,yard,2336659,derived
1798,2285,yard,209089,derived
1798,2286,yard,917854,derived
1546,2287,yard,4015200,derived
1626,2288,vid,10000,derived
1626,2289,yard,1063872,derived
1659,2290,yard,2772790,derived
1120,2291,vid,36548,derived
1120,2292,yard,194488,derived
1527,2293,yard,32472398,derived
1085,2294,yard,240000,derived
1324,2295,yard,2392000,derived
1324,2296,yard,780000,derived
1731,2297,yard,700198,derived
1730,2298,yard,5745608,derived
2180,2299,yard,3850000,derived
1826,2300,yard,18305449,derived
2301,2302,yard,9274000,derived
1028,2303,yard,134198,derived
1913,2304,vid,5785,derived
1727,2305,yard,8961000,derived
3482,2306,yard,2164096,derived
3482,2308,yard,141529,derived
2307,2309,yard,365619,derived
1206,2310,yard,361101,derived
1206,2311,yard,2165791,derived
1229,2312,yard,1816372,derived
1021,2313,yard,7500000,derived
1124,2314,yard,1162500,derived
1124,2315,yard,2625000,derived
1834,2316,vid,0,derived
2222,2317,vid,7442,derived
1185,2318,vid,18401,derived
1185,2319,yard,175000,derived
1185,2320,yard,2280000,derived
1201,2321,yard,3538308,derived
1937,2322,yard,1835400,derived
3001,2323,yard,741000,derived
1605,2324,yard,4241015,derived
1972,2325,yard,5700000,derived
2231,2326,yard,3310999,derived
1013,2327,yard,709750,derived
1013,2328,yard,3315000,derived
1013,2329,yard,1623500,derived
1850,2331,yard,2765512,derived
1850,2332,yard,666911,derived
1682,2333,vid,10146,derived
1384,2334,yard,1636843,derived
2230,2335,vid,0,derived
1131,2337,yard,4628034,derived
1141,2338,yard,397605,derived
1580,2339,yard,17280000,derived
2229,2340,yard,1446073,derived
1058,2341,yard,14000000,derived
2342,2343,yard,9585612,derived
2342,2344,yard,2000000,derived
2345,2346,yard,2890000,derived
2345,2347,yard,1445000,derived
1189,2349,yard,2240000,derived
1191,2350,yard,150000,derived
1195,2351,vid,0,derived
1456,2352,yard,219046,derived
1811,2353,yard,1197840,derived
1909,2354,yard,138771,derived
1491,2355,yard,2400000,derived
2356,2357,yard,4760000,derived
1987,2358,yard,19010740,derived
1167,2359,vid,47957,derived
1167,2360,yard,311311,derived
1009,2361,yard,1457824,derived
1325,2362,yard,3737086,derived
1592,2363,yard,6578175,derived
2032,2364,yard,15722000,derived
1592,2365,vid,10705,derived
1073,2366,yard,360000,derived
1073,2367,yard,900000,derived
1795,2368,yard,13630320,derived
2369,2370,yard,2415367,derived
2369,2371,yard,995551,derived
2129,2372,yard,4004281,derived
2129,2373,yard,4509454,derived
2129,2374,yard,6696464,derived
2129,2375,yard,5694291,derived
1353,2376,yard,3383800,derived
1353,2377,yard,3457200,derived
1704,2378,yard,1361951,derived
1704,2379,yard,1716650,derived
1463,2380,yard,171262,derived
2381,2382,yard,2989460,derived
2381,2383,yard,5729166,derived
1111,2384,vid,10955,derived
1740,2386,vid,8988,derived
2385,2387,yard,910000,derived
1691,2388,yard,690000,derived
1818,2389,yard,2152729,derived
2152,2390,yard,6094377,derived
2045,2391,yard,986634,derived
1401,2392,yard,700000,derived
1401,2393,yard,8851000,derived
1401,2394,yard,7861000,derived
1282,2395,yard,6754000,derived
1282,2396,yard,3438400,derived
1282,2397,yard,17125225,derived
2398,2399,yard,4092000,derived
2153,2400,yard,2342230,derived
2153,2401,yard,3388936,derived
2153,2402,yard,2800000,derived
2153,2403,yard,2908262,derived
1092,2404,yard,76800,derived
1279,2405,yard,892800,derived
1104,2406,yard,870000,derived
1800,2407,yard,1854484,derived
1279,2408,vid,24700,derived
1720,2409,vid,21000,derived
1467,2410,yard,301895,derived
1370,2411,yard,200000,derived
1137,2412,yard,473219,derived
1137,2413,yard,206370,derived
1137,2414,yard,1339937,derived
1137,2415,yard,1326473,derived
1518,2416,yard,12484500,derived
1148,2417,yard,151231,derived
1148,2418,yard,266228,derived
2211,2419,yard,348030,derived
2420,2421,yard,3278477,derived
2420,2422,yard,1600000,derived
1805,2423,yard,1040000,derived
2038,2424,yard,7056758,derived
2226,2425,vid,866,derived
2226,2426,yard,156324,derived
1748,2427,yard,6362472,derived
1174,2428,yard,9805000,derived
1174,2429,yard,3510000,derived
1295,2430,yard,3761150,derived
1295,2431,yard,1303848,derived
1646,2432,yard,51272,derived
1453,2433,yard,703852,derived
2158,2434,yard,1137073,derived
2158,2435,yard,146219,derived
2158,2436,yard,2106623,derived
1668,2437,yard,4722432,derived
1819,2438,yard,205157,derived
1819,2439,yard,4182657,derived
1819,2440,yard,149790,derived
1819,2441,yard,895103,derived
1261,2442,yard,12740000,derived
1296,2443,yard,4782486,derived
1062,2444,yard,3656547,derived
1455,2445,yard,250511,derived
1608,2446,vid,20000,derived
1608,2447,vid,20000,derived
1776,2448,yard,79625,derived
1776,2449,yard,13095850,derived
1776,2450,yard,5627950,derived
2028,2451,yard,554026,derived
1098,2452,yard,1391102,derived
1495,2453,yard,2142047,derived
2454,2455,yard,7200000,derived
1808,2456,yard,2366211,derived
1808,2457,yard,3678985,derived
1808,2458,yard,1806997,derived
1651,2459,yard,145968,derived
1651,2460,yard,3511282,derived
1380,2461,yard,3735641,derived
1380,2462,yard,2212460,derived
2157,2463,yard,2415505,derived
1855,2464,yard,5639778,derived
1855,2465,yard,8961988,derived
1855,2466,yard,9260395,derived
1535,2467,yard,2254269,derived
1535,2468,yard,1227404,derived
1535,2469,yard,749537,derived
1904,2470,yard,2902637,derived
1514,2471,yard,2507122,derived
1514,2472,yard,2889583,derived
1514,2473,yard,2328055,derived
1856,2474,yard,291100,derived
1856,2475,yard,1682100,derived
1844,2476,yard,8839600,derived
1844,2477,yard,1103600,derived
1489,2478,yard,4023200,derived
1489,2479,yard,2565000,derived
1489,2480,yard,2932200,derived
1285,2481,yard,4965000,derived
1285,2482,yard,71750,derived
2050,2483,yard,392600,derived
2050,2484,yard,392600,derived
1160,2485,yard,5640129,derived
1779,2486,vid,12489,derived
1779,2487,vid,8996,derived
1490,2488,yard,174213,derived
1477,2489,vid,36000,derived
2241,2490,yard,2004954,derived
1010,2491,yard,10260000,derived
1010,2492,yard,5740000,derived
1308,2493,yard,2014129,derived
2096,2494,yard,2010766,derived
1430,2495,yard,6166034,derived
1430,2496,yard,1666984,derived
2088,2497,yard,1904749,derived
1314,2498,yard,1200650,derived
2499,2501,yard,3503174,derived
2500,2502,yard,4379884,derived
2500,2503,yard,1163072,derived
1457,2504,yard,2082970,derived
1273,2506,yard,1765953,derived
1273,2507,vid,3564,derived
1543,2508,vid,6120,derived
1543,2509,vid,5150,derived
1860,2510,yard,13391799,derived
1001,2511,yard,872808,derived
1001,2512,yard,982165,derived
1011,2513,yard,499329,derived
1014,2514,yard,1276800,derived
1014,2515,yard,1068000,derived
1014,2516,yard,96025,derived
1014,2517,yard,124875,derived
1815,2518,yard,5200000,derived
1815,2519,vid,40000,derived
1815,2520,yard,13990000,derived
1560,2521,yard,3960000,derived
1560,2522,vid,25000,derived
1488,2523,yard,239858,derived
1610,2524,vid,15000,derived
1653,2525,yard,951215,derived
1610,2526,yard,1275000,derived
1610,2527,vid,13750,derived
1982,2528,yard,212414,derived
1375,2531,yard,13525544,derived
1371,2532,vid,13200,derived
2096,2533,yard,2434620,derived
1352,2534,vid,25000,derived
1352,2535,yard,3096000,derived
1352,2536,yard,1050000,derived
1561,2537,vid,8050,derived
1159,2538,vid,12936,derived
1159,2539,vid,28543,derived
1096,2540,yard,381705,derived
1505,2541,yard,750400,derived
1096,2542,vid,10400,derived
1096,2543,vid,10000,derived
1776,2544,vid,15300,derived
1928,2545,yard,72196,derived
1928,2546,yard,96777,derived
1928,2547,yard,66897,derived
1928,2548,yard,165177,derived
1970,2549,vid,7000,derived
1410,2550,vid,16800,derived
1516,2551,vid,20000,derived
1087,2552,yard,3490336,derived
2033,2553,vid,6000,derived
2033,2554,vid,9270,derived
2033,2555,vid,6000,derived
2033,2556,ref,214,derived
2229,2556,vid,10370,derived
2028,2558,vid,9900,derived
2028,2559,vid,15000,derived
1834,2560,vid,9100,derived
1061,2561,yard,102844,derived
2123,2562,yard,6490247,derived
1085,2563,vid,30451,derived
1079,2564,yard,9232136,derived
2216,2565,yard,3387255,derived
2216,2566,yard,505279,derived
1897,2567,yard,2492327,derived
1897,2568,vid,13428,derived
1897,2569,vid,14225,derived
1897,2570,yard,2903355,derived
1897,2571,vid,6473,derived
1349,2572,yard,245077,derived
1349,2573,vid,19648,derived
1349,2574,vid,9551,derived
1726,2575,vid,10990,derived
1726,2576,yard,2622727,derived
1726,2577,yard,7184563,derived
1726,2578,vid,18419,derived
1386,2579,vid,10400,derived
2142,2581,vid,20000,derived
2142,2582,vid,20000,derived
1768,2583,yard,26500000,derived
1768,2584,yard,19875000,derived
2188,2585,yard,2771772,derived
1900,2586,vid,30000,derived
1095,2587,vid,15000,derived
1095,2588,vid,15000,derived
1653,2589,yard,7037766,derived
1059,2590,yard,87324,derived
1506,2591,yard,145000,derived
1506,2592,yard,145000,derived
1496,2593,yard,27310000,derived
1496,2594,vid,37500,derived
1496,2595,vid,37500,derived
1496,2596,yard,250000,derived
1496,2597,yard,250000,derived
1205,2598,vid,15000,derived
1059,2599,vid,10000,derived
1790,2600,vid,7475,derived
1790,2601,vid,7150,derived
1126,2602,yard,2046000,derived
1824,2603,yard,3082300,derived
1405,2604,yard,3615600,derived
1405,2605,yard,3243000,derived
1589,2606,yard,4662000,derived
1343,2607,yard,1636800,derived
1790,2608,yard,1310800,derived
1351,2609,yard,5692332,derived
1351,2610,vid,6384,derived
1351,2611,yard,5066418,derived
1351,2612,yard,745828,derived
1351,2613,yard,10040983,derived
1078,2614,yard,14100000,derived
1223,2615,yard,3179500,derived
1223,2616,yard,1432200,derived
1853,2617,yard,8637882,derived
3335,2618,yard,8038000,derived
1920,2619,vid,9600,derived
1920,2620,vid,40000,derived
1920,2621,yard,168863,derived
2023,2622,vid,15000,derived
1539,2623,vid,6300,derived
1539,2624,vid,5000,derived
1058,2625,vid,20000,derived
1503,2626,yard,1159284,derived
1503,2627,vid,22550,derived
2129,2628,vid,20000,derived
2129,2629,vid,40000,derived
1777,2630,vid,5750,derived
1777,2631,yard,1062000,derived
1394,2632,yard,295149,derived
1716,2633,vid,49745,derived
1738,2634,vid,5773,derived
1738,2635,vid,5187,derived
1738,2636,vid,1955,derived
1805,2637,vid,15000,derived
2144,2638,vid,15000,derived
1510,2639,yard,60000,derived
1704,2640,yard,1649784,derived
1667,2641,yard,1847611,derived
1667,2642,yard,1389448,derived
1705,2643,yard,3461040,derived
1705,2644,yard,5501070,derived
1706,2645,yard,3162312,derived
1706,2646,vid,4466,derived
1706,2647,yard,3274944,derived
1706,2648,yard,7999376,derived
1868,2649,vid,5700,derived
1711,2650,yard,57361,derived
1711,2651,yard,5434280,derived
1286,2652,vid,15000,derived
1286,2653,vid,15000,derived
1467,2654,vid,40000,derived
2345,2655,vid,30000,derived
1652,2656,yard,1077320,derived
1652,2657,vid,12567,derived
1511,2658,vid,6500,derived
1691,2659,vid,11700,derived
1409,2660,vid,22500,derived
2123,2661,vid,5508,derived
1924,2662,vid,10250,derived
1048,2663,vid,14110,derived
1048,2664,vid,8798,derived
1693,2665,vid,35006,derived
1206,2666,vid,27437,derived
1206,2667,vid,25768,derived
1989,2668,vid,9100,derived
1252,2669,vid,7425,derived
1252,2670,vid,6750,derived
1677,2671,vid,25673,derived
1519,2672,vid,27155,derived
1519,2673,yard,2093592,derived
1361,2674,vid,6945,derived
1361,2675,vid,8824,derived
1128,2676,vid,30000,derived
1128,2677,vid,12000,derived
1128,2678,vid,7000,derived
1029,2679,vid,2337,derived
1029,2680,vid,6175,derived
1833,2681,vid,4500,derived
1709,2682,yard,9138024,derived
1709,2683,yard,1876616,derived
1709,2684,vid,25600,derived
1816,2685,yard,1680000,derived
1816,2686,yard,6291800,derived
1816,2687,yard,1547000,derived
1501,2688,yard,1540000,derived
1501,2689,vid,8000,derived
1279,2690,yard,59400,derived
1158,2691,yard,1200000,derived
1158,2692,yard,3832400,derived
1158,2693,vid,12514,derived
1521,2694,yard,2560000,derived
1521,2695,yard,6750000,derived
1521,2696,vid,10000,derived
1521,2697,vid,5500,derived
1521,2698,vid,10000,derived
1522,2699,yard,9060650,derived
1522,2700,yard,2601489,derived
1522,2701,yard,4154430,derived
1016,2702,vid,15000,derived
1040,2703,vid,20000,derived
1895,2704,vid,20000,derived
1492,2705,vid,30000,derived
1913,2706,vid,8000,derived
1536,2707,yard,50000,derived
1536,2708,vid,15000,derived
1537,2709,vid,15000,derived
1554,2710,yard,218605,derived
1554,2711,yard,164921,derived
1554,2712,yard,255009,derived
1554,2714,yard,100745,derived
1431,2715,yard,50000,derived
1076,2716,vid,12188,derived
1572,2717,vid,17500,derived
2211,2718,vid,7107,derived
1046,2719,yard,6780301,derived
1046,2720,yard,13028578,derived
1046,2721,yard,13028578,derived
1046,2722,yard,3275000,derived
1046,2723,yard,2923400,derived
1046,2724,vid,600,derived
1046,2725,vid,600,derived
1046,2726,vid,600,derived
1425,2727,vid,15000,derived
1082,2728,yard,1567904,derived
3697,2729,vid,5670,derived
1608,2730,yard,4220600,derived
2301,2731,vid,19500,derived
2301,2732,vid,21000,derived
1044,2733,vid,10000,derived
1044,2734,vid,20000,derived
1044,2735,vid,30000,derived
1417,2736,vid,24854,derived
1418,2737,vid,11400,derived
1464,2738,yard,738216,derived
2175,2739,vid,32651,derived
2175,2740,vid,25619,derived
1150,2741,yard,369482,derived
1150,2742,vid,30000,derived
1150,2743,vid,15000,derived
2201,2744,vid,22500,derived
1423,2745,vid,28322,derived
1483,2746,yard,962789,derived
1175,2747,yard,5349100,derived
1175,2748,vid,20000,derived
1175,2749,vid,30000,derived
1592,2750,vid,46750,derived
1564,2751,yard,5000000,derived
1909,2752,vid,29307,derived
1909,2753,vid,23479,derived
1456,2754,yard,661269,derived
1918,2755,vid,13500,derived
1173,2756,vid,14000,derived
1173,2757,vid,13500,derived
1173,2758,vid,13500,derived
1740,2759,vid,14000,derived
1740,2760,vid,21000,derived
1740,2761,vid,14000,derived
1740,2762,vid,20000,derived
1476,2763,vid,20000,derived
1414,2764,yard,1066866,derived
1414,2765,vid,0,derived
1414,2766,vid,8850,derived
1414,2767,vid,10079,derived
1638,2768,yard,1386198,derived
1638,2769,yard,1394248,derived
1725,2770,yard,4387130,derived
1606,2771,vid,40000,derived
1606,2772,vid,20000,derived
1185,2773,vid,21000,derived
2774,2775,yard,6900000,derived
2774,2776,vid,21000,derived
2774,2777,vid,18000,derived
2774,2778,vid,22500,derived
1843,2779,yard,5440000,derived
1049,2780,vid,13000,derived
1627,2781,vid,13524,derived
1332,2782,vid,14400,derived
1002,2783,vid,10650,derived
1002,2784,vid,11868,derived
1002,2785,yard,1012588,derived
1002,2786,yard,285352,derived
1002,2787,vid,11793,derived
1002,2788,yard,583558,derived
1002,2789,yard,176228,derived
1649,2790,yard,5909403,derived
1649,2791,yard,5010388,derived
1649,2792,yard,6528987,derived
1649,2793,yard,470000,derived
1646,2794,vid,16200,derived
1646,2795,vid,8000,derived
1650,2796,yard,1674750,derived
1650,2797,vid,16800,derived
1650,2798,vid,10000,derived
1650,2799,vid,10000,derived
1596,2800,yard,1750000,derived
2801,2802,yard,2352001,derived
2801,2803,yard,128911,derived
2015,2804,yard,51363,derived
2015,2805,vid,22440,derived
1445,2806,vid,7000,derived
1619,2807,yard,236000,derived
1615,2808,yard,1967100,derived
1182,2810,vid,23379,derived
1182,2811,yard,360000,derived
1182,2812,vid,30000,derived
1182,2813,vid,10000,derived
1765,2814,vid,17037,derived
1765,2815,vid,2500,derived
2816,2817,yard,4975222,derived
2816,2818,yard,1094358,derived
2816,2819,yard,1937528,derived
2816,2820,yard,824274,derived
2816,2821,yard,57110,derived
2816,2822,yard,68332,derived
2816,2823,yard,127352,derived
2824,2825,yard,16336126,derived
2824,2826,vid,100,derived
2824,2827,yard,4709317,derived
2824,2828,yard,69069,derived
2829,2830,yard,5987972,derived
2831,2832,yard,10007008,derived
2831,2833,yard,3581409,derived
1914,2834,vid,15000,derived
1914,2835,vid,40600,derived
1064,2836,vid,15000,derived
1741,2837,vid,21000,derived
1741,2838,vid,30000,derived
2839,2840,yard,4142606,derived
2839,2841,vid,21000,derived
1081,2842,vid,12500,derived
1081,2843,vid,12500,derived
1874,2844,yard,5449587,derived
1874,2845,yard,5931860,derived
1874,2846,yard,93522,derived
1626,2847,yard,9418500,derived
1626,2848,vid,13500,derived
1626,2849,vid,10000,derived
1495,2850,vid,13000,derived
1573,2851,vid,7415,derived
1573,2852,vid,8051,derived
1573,2853,vid,6857,derived
1278,2855,vid,38000,derived
1102,2856,vid,9025,derived
1102,2857,vid,6300,derived
1102,2858,vid,4500,derived
1148,2859,vid,38000,derived
1524,2860,vid,40000,derived
2861,2862,yard,5120000,derived
2861,2863,yard,1012000,derived
2864,2865,yard,1566000,derived
2864,2866,yard,2340000,derived
2867,2868,yard,8029971,derived
2867,2869,yard,1792755,derived
2867,2870,yard,541853,derived
2871,2872,yard,5611500,derived
2871,2873,vid,13200,derived
2871,2874,yard,1600000,derived
2875,2876,yard,2667100,derived
2875,2877,yard,5280000,derived
2875,2878,vid,30000,derived
1569,2879,vid,4950,derived
1298,2880,vid,15000,derived
1298,2881,vid,14000,derived
1523,2882,vid,14000,derived
2257,2883,vid,14000,derived
2885,2886,yard,8687000,derived
2885,2887,vid,14000,derived
2888,2889,yard,1511583,derived
2888,2890,yard,50340,derived
2888,2891,vid,8734,derived
2888,2892,vid,9181,derived
2893,2894,yard,5985000,derived
2895,2896,yard,4257367,derived
2895,2897,yard,4800730,derived
2895,2898,vid,9447,derived
2895,2899,vid,9300,derived
2188,2900,vid,4849,derived
1941,2901,vid,6099,derived
1342,2902,yard,3230719,derived
1342,2903,yard,71043,derived
1379,2905,yard,3409692,derived
1379,2906,yard,121216,derived
1379,2907,vid,4814,derived
1379,2908,vid,5722,derived
1380,2909,yard,2115044,derived
1380,2910,vid,9424,derived
1380,2911,vid,8433,derived
1380,2912,vid,5890,derived
1629,2913,vid,4750,derived
1480,2914,yard,9997808,derived
1450,2915,yard,17587100,derived
1450,2916,vid,40000,derived
1450,2917,yard,60000,derived
1963,2918,yard,515000,derived
1963,2919,yard,284976,derived
2000,2920,yard,3100400,derived
2000,2921,yard,334800,derived
1515,2922,yard,4314717,derived
2133,2923,vid,5340,derived
2133,2924,vid,4250,derived
1821,2925,vid,5184,derived
2926,2927,yard,3120831,derived
2926,2928,yard,50000,derived
2929,2930,yard,8333100,derived
2929,2931,yard,9935100,derived
1818,2932,yard,57000,derived
1818,2933,vid,40000,derived
1005,2934,vid,13175,derived
2145,2935,vid,5850,derived
2145,2936,vid,7475,derived
1424,2937,yard,60000,derived
1422,2938,yard,210000,derived
1332,2939,vid,4500,derived
1332,2940,vid,5500,derived
1332,2941,vid,5000,derived
1332,2942,vid,6000,derived
1454,2943,yard,754901,derived
1454,2944,vid,27809,derived
1454,2945,vid,8384,derived
1483,2946,vid,39945,derived
1483,2947,vid,16562,derived
1483,2948,yard,71667,derived
2949,2950,yard,400728,derived
2949,2951,yard,400728,derived
2949,2952,yard,2245122,derived
2949,2953,vid,12900,derived
2954,2955,yard,377116,derived
2954,2956,yard,1186800,derived
2954,2957,yard,2132800,derived
2954,2958,yard,4189050,derived
2954,2959,yard,800000,derived
2954,2960,vid,8788,derived
1178,2961,vid,9800,derived
1764,2962,yard,2409315,derived
1764,2963,yard,2744175,derived
1743,2965,vid,15210,derived
1598,2966,yard,3146832,derived
1598,2967,yard,2504800,derived
2969,2970,yard,6180000,derived
2307,2971,yard,829587,derived
1598,2972,vid,7350,derived
2968,2973,vid,7800,derived
2969,2974,yard,886975,derived
2968,2975,vid,48000,derived
1596,2976,vid,14036,derived
1630,2977,yard,843602,derived
1630,2978,yard,2817703,derived
1471,2979,vid,11802,derived
1471,2980,vid,15353,derived
1691,2981,yard,400000,derived
1691,2982,yard,6799550,derived
1111,2983,vid,7669,derived
1127,2984,vid,4987,derived
1645,2985,vid,10400,derived
2986,2987,yard,2760400,derived
2986,2988,yard,3641695,derived
2986,2989,yard,10667550,derived
1594,2990,yard,4738000,derived
1594,2991,yard,1771000,derived
1549,2992,vid,22279,derived
1647,2993,yard,192739,derived
1647,2994,vid,17019,derived
1866,2995,yard,550000,derived
1866,2996,yard,445000,derived
1728,2997,vid,22000,derived
1856,2998,vid,22500,derived
3001,2999,yard,2100000,derived
1515,3000,vid,46000,derived
1892,3002,yard,6422375,derived
1892,3003,yard,162346,derived
1892,3004,yard,3809353,derived
1892,3005,vid,1250,derived
1892,3006,vid,28000,derived
2307,3007,yard,1805117,derived
1879,3008,yard,2995900,derived
1879,3009,yard,2995900,derived
1879,3010,yard,5038800,derived
1879,3011,yard,5038800,derived
1879,3012,yard,5038800,derived
1378,3013,yard,1838600,derived
1378,3014,yard,2100000,derived
1378,3015,yard,14055300,derived
1372,3016,vid,167,derived
1378,3017,yard,4982000,derived
1378,3018,yard,4982000,derived
1898,3019,vid,11450,derived
1898,3020,vid,12225,derived
3482,3022,yard,2404912,derived
1455,3023,vid,7315,derived
1455,3024,vid,6072,derived
1455,3025,vid,9143,derived
1171,3026,yard,1954140,derived
1171,3027,yard,5323179,derived
1856,3028,vid,9000,derived
1155,3029,vid,2500,derived
1155,3030,vid,5500,derived
1628,3031,vid,5850,derived
1912,3032,vid,7755,derived
1154,3033,yard,73407,derived
1886,3034,vid,4200,derived
2184,3035,vid,2050,derived
2184,3036,vid,4500,derived
2184,3037,vid,5500,derived
2184,3038,vid,9500,derived
2184,3039,vid,9500,derived
2184,3040,vid,3600,derived
1590,3041,vid,2500,derived
1590,3042,vid,4750,derived
1546,3043,vid,4750,derived
1281,3044,yard,5862269,derived
1733,3045,vid,28000,derived
1733,3046,vid,13500,derived
1949,3047,vid,4995,derived
3048,3049,yard,3447792,derived
3048,3050,yard,6407000,derived
3048,3051,yard,6407000,derived
3048,3052,yard,2133000,derived
1215,3053,vid,15200,derived
1215,3054,vid,4250,derived
1215,3055,vid,4250,derived
1702,3056,yard,1179812,derived
1702,3057,vid,4750,derived
1702,3058,vid,4250,derived
1712,3059,yard,2879450,derived
2200,3060,vid,14000,derived
1897,3061,vid,9197,derived
1897,3062,vid,5395,derived
1897,3063,vid,4959,derived
1767,3064,yard,7456100,derived
1767,3065,vid,22500,derived
1767,3066,vid,22500,derived
2124,3067,yard,3550000,derived
2124,3068,vid,5000,derived
2124,3069,vid,15000,derived
2124,3070,vid,16000,derived
2124,3071,vid,12000,derived
1106,3072,yard,780000,derived
1106,3073,yard,50832,derived
1233,3074,vid,24000,derived
1435,3075,yard,1718434,derived
1435,3076,vid,5395,derived
3077,3078,vid,41703,derived
3077,3079,vid,41703,derived
3077,3080,vid,6758,derived
1008,3081,vid,5125,derived
1008,3082,vid,7475,derived
1810,3083,vid,3150,derived
1810,3084,vid,5700,derived
1810,3085,vid,6300,derived
2100,3086,vid,7800,derived
2100,3087,vid,5520,derived
2100,3088,vid,7530,derived
2028,3089,vid,9900,derived
1014,3090,vid,19500,derived
1014,3091,yard,133575,derived
1014,3092,yard,96025,derived
1014,3093,yard,1276800,derived
1014,3094,yard,1089000,derived
1014,3095,vid,12952,derived
1014,3096,vid,12952,derived
1389,3097,vid,12825,derived
1389,3098,yard,262400,derived
1389,3099,yard,211575,derived
1389,3100,yard,141000,derived
1389,3101,yard,166000,derived
1103,3102,yard,238875,derived
1103,3103,yard,506850,derived
1103,3104,yard,374400,derived
1103,3105,vid,26325,derived
1103,3106,vid,33325,derived
1924,3107,yard,68172,derived
1924,3108,vid,5047,derived
1924,3109,vid,7533,derived
1763,3110,vid,40000,derived
1763,3111,vid,15000,derived
1763,3112,vid,40000,derived
3113,3114,yard,4432875,derived
3113,3115,vid,40000,derived
1703,3116,vid,29400,derived
1703,3117,vid,12075,derived
3118,3119,vid,17459,derived
1091,3120,vid,6458,derived
1091,3121,vid,7207,derived
1091,3122,vid,8262,derived
1716,3123,vid,4905,derived
1394,3124,vid,6772,derived
1394,3125,vid,5406,derived
1394,3126,vid,6149,derived
1394,3127,vid,4800,derived
1394,3128,vid,4819,derived
1394,3129,vid,4746,derived
2143,3130,vid,5500,derived
2143,3131,vid,5500,derived
2143,3132,yard,2378546,derived
2143,3133,yard,148932,derived
1771,3134,vid,9500,derived
1884,3135,yard,4011446,derived
1884,3136,vid,3697,derived
1884,3137,vid,3833,derived
1884,3138,vid,2795,derived
1884,3139,vid,4049,derived
1884,3140,vid,2821,derived
1289,3141,yard,71283,derived
1289,3142,yard,71283,derived
3143,3144,yard,142266,derived
3143,3145,yard,449359,derived
3143,3146,vid,3180,derived
3143,3147,vid,4525,derived
3143,3148,vid,3162,derived
3149,3150,vid,3120,derived
3149,3151,yard,157938,derived
1451,3152,yard,4732957,derived
1451,3153,vid,5670,derived
1044,3154,yard,14004900,derived
1044,3155,vid,8400,derived
1001,3156,vid,13080,derived
1001,3157,vid,22440,derived
1001,3158,vid,12954,derived
1001,3159,vid,20706,derived
1001,3160,yard,114009,derived
1777,3161,vid,5500,derived
1777,3162,yard,632800,derived
1789,3163,vid,3816,derived
3164,3165,yard,2481204,derived
3164,3166,yard,239918,derived
3164,3167,vid,5244,derived
3164,3168,vid,4344,derived
3164,3169,vid,4140,derived
3170,3171,yard,6840801,derived
3170,3172,vid,39984,derived
3170,3173,vid,6426,derived
1365,3174,vid,19061,derived
1060,3175,yard,1225326,derived
2057,3176,yard,2221703,derived
2057,3177,vid,12210,derived
1060,3178,yard,493792,derived
1742,3179,vid,28900,derived
1775,3180,vid,9519,derived
1775,3181,vid,6717,derived
1775,3182,vid,4173,derived
1775,3183,vid,15053,derived
1627,3184,yard,1219513,derived
1847,3185,vid,6860,derived
1840,3186,vid,13248,derived
1840,3187,vid,11508,derived
3188,3189,yard,2798100,derived
3188,3190,vid,5250,derived
3188,3191,vid,5500,derived
3188,3192,vid,5250,derived
3188,3193,vid,5250,derived
3188,3194,vid,5250,derived
1727,3195,vid,38000,derived
1268,3196,vid,5964,derived
1185,3197,vid,6287,derived
1140,3198,vid,5005,derived
1140,3199,vid,5538,derived
1140,3200,vid,5130,derived
1586,3201,yard,1710000,derived
1586,3202,vid,5000,derived
1274,3203,vid,4974,derived
1274,3204,vid,4140,derived
1274,3205,vid,3916,derived
1277,3206,vid,4725,derived
1473,3207,vid,241,derived
1686,3208,yard,2072000,derived
1686,3209,yard,2785669,derived
1686,3210,yard,165768,derived
1119,3211,yard,452295,derived
1119,3212,yard,635248,derived
1119,3213,vid,7584,derived
1120,3214,vid,20000,derived
1811,3215,vid,5500,derived
2142,3216,vid,7200,derived
2142,3217,vid,4369,derived
2142,3218,vid,6218,derived
1585,3219,vid,6250,derived
1585,3220,vid,4162,derived
1585,3221,vid,6250,derived
2142,3222,vid,2355,derived
1881,3223,vid,7467,derived
1535,3224,vid,5614,derived
1535,3225,vid,2660,derived
1535,3226,vid,4708,derived
1535,3227,vid,5131,derived
1447,3228,vid,7391,derived
1542,3229,yard,7684835,derived
1542,3230,yard,4100358,derived
1678,3231,yard,906664,derived
1678,3232,yard,906664,derived
1864,3233,yard,1034554,derived
1864,3234,vid,5488,derived
1864,3235,vid,3052,derived
1368,3236,yard,212514,derived
1368,3237,vid,4973,derived
1317,3238,vid,4559,derived
1003,3239,vid,13559,derived
1003,3240,vid,5452,derived
1003,3241,yard,558757,derived
1003,3242,yard,68813,derived
1872,3243,vid,4080,derived
1872,3244,vid,4593,derived
3245,3246,yard,83891,derived
3245,3247,yard,498491,derived
3248,3249,yard,1747200,derived
3248,3250,yard,1108800,derived
3248,3251,yard,4590000,derived
3248,3252,vid,16800,derived
3248,3253,vid,8400,derived
3254,3255,yard,4200000,derived
3254,3256,yard,6500000,derived
3254,3257,vid,13000,derived
1791,3258,vid,5116,derived
1667,3259,vid,7150,derived
1136,3260,yard,4630937,derived
1187,3261,vid,28950,derived
3262,3263,yard,3454915,derived
3262,3264,vid,4483,derived
1568,3265,vid,22800,derived
1214,3266,yard,332167,derived
1214,3267,vid,13950,derived
1214,3268,vid,12150,derived
1593,3269,yard,968647,derived
2356,3270,yard,74151,derived
2356,3271,vid,5809,derived
2356,3272,yard,1587856,derived
2356,3273,yard,972442,derived
1658,3274,yard,13578954,derived
2137,3275,yard,4496348,derived
2137,3276,yard,118892,derived
1987,3277,yard,113598,derived
1987,3278,yard,113598,derived
1987,3279,vid,6362,derived
1987,3280,vid,9184,derived
1987,3281,vid,9184,derived
1987,3282,vid,8057,derived
1987,3283,vid,8057,derived
1987,3284,vid,8057,derived
1607,3285,vid,7544,derived
1554,3286,yard,255009,derived
1554,3287,yard,218605,derived
1554,3288,yard,100745,derived
1554,3289,yard,164921,derived
2006,3290,vid,5232,derived
1886,3291,vid,7175,derived
1513,3292,vid,4750,derived
1513,3293,vid,7699,derived
1105,3294,yard,792549,derived
1475,3295,yard,2551344,derived
1475,3296,vid,7831,derived
1475,3297,vid,5933,derived
1475,3298,vid,2632,derived
1475,3299,vid,3528,derived
1628,3300,yard,11339350,derived
1911,3301,yard,150764,derived
3302,3303,vid,46170,derived
3302,3304,yard,989059,derived
3302,3305,vid,5957,derived
3306,3307,yard,4587716,derived
3306,3308,yard,1718236,derived
3306,3309,vid,8052,derived
3306,3310,yard,355673,derived
1287,3311,vid,7625,derived
1903,3312,yard,11176040,derived
1903,3313,yard,260086,derived
1706,3314,vid,4800,derived
1704,3315,vid,7062,derived
1704,3316,vid,43213,derived
1704,3317,vid,4189,derived
1129,3318,yard,2186950,derived
1129,3319,yard,1171500,derived
1129,3320,vid,4000,derived
1129,3321,vid,6445,derived
1129,3322,vid,6445,derived
3323,3324,yard,600000,derived
3323,3325,vid,14000,derived
3323,3326,vid,14000,derived
3323,3327,vid,9831,derived
3328,3329,yard,24914206,derived
3328,3330,vid,8750,derived
3328,3331,vid,8750,derived
3328,3332,vid,5500,derived
3328,3333,vid,5500,derived
2529,3334,vid,21581,derived
3335,3336,yard,2423100,derived
3335,3337,vid,4750,derived
3335,3338,vid,7150,derived
3335,3339,vid,6825,derived
1081,3340,yard,2450260,derived
1081,3341,vid,9520,derived
1081,3342,vid,6192,derived
2529,3343,yard,1132845,derived
1989,3344,vid,5411,derived
1893,3345,vid,4075,derived
1893,3346,vid,4325,derived
1894,3347,vid,5643,derived
1989,3348,vid,2603,derived
1463,3349,vid,4500,derived
2161,3350,vid,6405,derived
3352,3353,yard,7867306,derived
1323,3354,vid,15120,derived
1323,3355,vid,8140,derived
1817,3356,yard,858200,derived
1817,3357,yard,858200,derived
1817,3358,yard,858200,derived
1388,3359,yard,9880000,derived
1388,3360,vid,25500,derived
1388,3361,vid,4152,derived
1329,3362,vid,4380,derived
1919,3363,yard,1825200,derived
1919,3364,yard,3857875,derived
1319,3365,yard,896000,derived
1388,3366,vid,3991,derived
1829,3367,vid,16969,derived
1829,3368,vid,29954,derived
1829,3369,yard,3760792,derived
3370,3371,yard,2064999,derived
3370,3372,yard,1199034,derived
1158,3374,vid,6389,derived
1037,3375,yard,1696116,derived
1037,3376,yard,1695937,derived
1037,3377,vid,18043,derived
1043,3378,yard,5919653,derived
1058,3379,yard,57162,derived
1271,3380,vid,4031,derived
1271,3381,vid,3880,derived
1921,3382,yard,565729,derived
1921,3383,yard,305286,derived
1921,3384,yard,565729,derived
1921,3385,yard,565729,derived
1983,3386,yard,737151,derived
1983,3387,yard,737151,derived
1983,3388,yard,737151,derived
1983,3389,yard,737151,derived
1034,3390,vid,7971,derived
1862,3391,vid,4205,derived
1862,3392,vid,4283,derived
3393,3394,vid,3137,derived
3393,3395,vid,4208,derived
3393,3396,vid,4590,derived
3393,3397,vid,4268,derived
3393,3398,yard,122944,derived
1324,3399,vid,27100,derived
1880,3400,yard,65087,derived
1651,3401,vid,6547,derived
1474,3402,yard,512730,derived
1474,3403,yard,209929,derived
1788,3404,yard,2183764,derived
1406,3405,vid,4750,derived
1406,3406,vid,7475,derived
1280,3407,vid,6150,derived
1949,3408,vid,5751,derived
1948,3409,yard,476709,derived
1948,3410,yard,63065,derived
1948,3411,vid,4384,derived
1418,3412,yard,111698,derived
1418,3413,yard,792206,derived
2137,3414,vid,6172,derived
2137,3415,vid,7045,derived
1437,3416,vid,8156,derived
1437,3417,vid,6215,derived
1863,3418,vid,7150,derived
1583,3419,yard,166292,derived
1277,3420,yard,297675,derived
1245,3421,yard,7248191,derived
1245,3422,vid,9139,derived
1259,3423,yard,9367155,derived
1920,3424,yard,1892327,derived
1920,3425,vid,12324,derived
1920,3426,vid,7772,derived
1923,3427,yard,4299585,derived
1923,3428,yard,2399220,derived
1923,3429,yard,2399220,derived
1923,3430,yard,4299585,derived
2241,3431,vid,18612,derived
2241,3432,yard,5632024,derived
1597,3433,vid,6336,derived
1006,3434,yard,245098,derived
1870,3435,vid,5616,derived
1870,3436,vid,6708,derived
1973,3437,yard,4146691,derived
3438,3439,vid,16932,derived
3440,3441,vid,7130,derived
3440,3442,yard,2267938,derived
1889,3443,yard,4807325,derived
1540,3444,yard,213351,derived
1540,3445,yard,494925,derived
1540,3446,yard,226251,derived
1540,3447,yard,68556,derived
1540,3448,yard,68556,derived
1551,3449,vid,5874,derived
2188,3450,yard,3788564,derived
2188,3451,vid,20650,derived
2188,3452,vid,28371,derived
3456,3453,vid,6912,derived
3456,3454,vid,5404,derived
3456,3455,yard,2500034,derived
3456,3457,yard,365874,derived
3456,3458,yard,365874,derived
1876,3460,vid,6500,derived
2154,3461,yard,613931,derived
2154,3462,yard,1575373,derived
2154,3463,vid,18054,derived
2154,3464,vid,14278,derived
3465,3466,vid,7906,derived
3465,3467,yard,3482992,derived
3465,3468,vid,6968,derived
3465,3469,yard,8779172,derived
3465,3470,vid,3788,derived
3465,3471,vid,2923,derived
3465,3472,vid,5856,derived
2964,3473,vid,5621,derived
1764,3474,vid,4400,derived
3475,3476,vid,3584,derived
3475,3477,vid,4818,derived
3475,3478,yard,4079393,derived
3475,3479,yard,910994,derived
3480,3481,yard,301749,derived
3482,3483,vid,4550,derived
2128,3484,yard,713083,derived
2128,3485,yard,170352,derived
2128,3486,yard,2394138,derived
2128,3487,vid,4322,derived
2128,3488,vid,4525,derived
2128,3489,vid,5314,derived
3490,3491,yard,2417663,derived
3490,3492,yard,9016071,derived
3493,3494,yard,4869363,derived
1690,3495,yard,1168613,derived
3493,3496,yard,864806,derived
1366,3497,vid,37243,derived
3498,3499,yard,55301,derived
3498,3500,vid,22469,derived
3501,3502,yard,139251,derived
3501,3503,yard,3338275,derived
3501,3504,vid,5678,derived
3501,3505,yard,4281813,derived
3501,3506,vid,7437,derived
1891,3507,yard,109855,derived
1652,3508,yard,90478,derived
1652,3509,vid,8720,derived
3510,3511,yard,899502,derived
3510,3512,yard,10812344,derived
3510,3513,vid,4342,derived
3510,3514,vid,4134,derived
3510,3515,vid,4550,derived
3516,3517,vid,5319,derived
3516,3518,vid,4486,derived
3516,3519,vid,3680,derived
1761,3520,vid,9576,derived
1761,3521,vid,6542,derived
1761,3522,vid,5808,derived
3523,3524,yard,543482,derived
3523,3525,vid,7309,derived
3526,3527,vid,7371,derived
3526,3528,yard,211837,derived
3526,3529,vid,8870,derived
1904,3530,yard,3691603,derived
1904,3532,yard,3875522,derived
1904,3533,vid,4500,derived
1904,3534,vid,4500,derived
1904,3535,vid,4750,derived
2226,3536,vid,7488,derived
2033,3537,vid,8580,derived
2200,3538,vid,5000,derived
1524,3539,vid,4504,derived
2251,3540,vid,5432,derived
1298,3541,vid,3978,derived
3542,3543,vid,5289,derived
3542,3544,vid,4206,derived
2033,3545,vid,10000,derived
2229,3546,vid,13054,derived
3547,3548,vid,8651,derived
3547,3549,vid,4232,derived
3547,3550,vid,5575,derived
3547,3551,yard,3374597,derived
3547,3552,yard,2635624,derived
3547,3553,yard,1209659,derived
1901,3554,yard,7665737,derived
1901,3555,yard,7665737,derived
1901,3556,vid,5000,derived
1861,3557,vid,6058,derived
1861,3558,vid,5299,derived
1861,3559,vid,5479,derived
1861,3560,vid,5808,derived
1861,3561,yard,2786356,derived
1869,3562,vid,6979,derived
1869,3563,yard,5635463,derived
1869,3564,vid,4895,derived
1869,3565,yard,5774500,derived
1826,3566,yard,7936244,derived
3567,3568,vid,8215,derived
3567,3569,vid,25025,derived
3567,3570,yard,4077532,derived
3567,3571,vid,5670,derived
3567,3572,yard,134974,derived
3567,3573,vid,22069,derived
3567,3574,vid,30408,derived
3567,3575,vid,8541,derived
1525,3576,vid,8265,derived
1083,3577,yard,2451222,derived
3578,3579,yard,9301971,derived
3578,3580,yard,8633456,derived
3578,3581,vid,36270,derived
3542,3582,yard,3055688,derived
3542,3583,vid,5289,derived
1695,3584,yard,8798828,derived
3578,3585,vid,15598,derived
3578,3586,vid,15598,derived
3578,3587,yard,91511,derived
3578,3588,vid,12549,derived
3578,3589,yard,580666,derived
3578,3590,yard,580666,derived
1850,3591,vid,28154,derived
1850,3592,yard,1728950,derived
1177,3593,vid,6242,derived
1177,3594,vid,5796,derived
1147,3595,vid,6757,derived
1109,3596,vid,10354,derived
1897,3597,vid,5247,derived
1592,3598,vid,5996,derived
1108,3599,vid,7955,derived
1108,3600,vid,8585,derived
1570,3601,vid,5250,derived
1257,3602,vid,7260,derived
1257,3603,vid,7382,derived
1621,3604,yard,4321096,derived
1125,3605,yard,17228401,derived
1125,3606,yard,7476126,derived
1125,3607,yard,5122145,derived
1125,3608,yard,6388597,derived
1125,3609,yard,6885579,derived
1125,3610,yard,908301,derived
1125,3611,yard,908301,derived
1125,3612,yard,908301,derived
1208,3613,vid,6399,derived
1208,3614,vid,3341,derived
1208,3615,vid,2640,derived
3021,3616,yard,4809508,derived
1004,3617,yard,3669966,derived
1004,3618,yard,5008830,derived
1356,3619,vid,8460,derived
1356,3620,vid,6136,derived
2861,3621,yard,526585,derived
1649,3622,yard,264173,derived
1649,3623,vid,5969,derived
1649,3624,vid,7625,derived
1649,3625,vid,6191,derived
1649,3626,vid,9081,derived
1649,3627,yard,191448,derived
3628,3629,yard,669647,derived
3628,3630,vid,5860,derived
3628,3631,yard,990511,derived
3628,3632,vid,6060,derived
1911,3633,vid,37022,derived
1911,3634,vid,6253,derived
1911,3635,vid,9525,derived
1911,3636,yard,1202043,derived
1336,3637,vid,11515,derived
2079,3638,yard,491763,derived
1360,3639,vid,8820,derived
1360,3640,vid,6335,derived
1242,3641,yard,280250,derived
1242,3642,yard,6865922,derived
1242,3643,vid,5467,derived
1876,3644,vid,6025,derived
1853,3645,yard,816246,derived
1741,3646,yard,737982,derived
3647,3648,vid,9653,derived
3647,3649,yard,3799388,derived
3647,3650,yard,1624902,derived
3647,3651,yard,173994,derived
3647,3652,vid,7042,derived
3647,3653,yard,3226541,derived
1721,3654,vid,10601,derived
3647,3655,yard,62455,derived
2107,3656,vid,13518,derived
1602,3657,yard,223125,derived
3658,3659,yard,2991712,derived
3658,3660,yard,69019,derived
3661,3662,yard,76948,derived
3661,3663,vid,247,derived
3661,3664,vid,5994,derived
3661,3665,vid,8545,derived
3661,3666,vid,13162,derived
1779,3667,vid,5500,derived
1135,3668,vid,5250,derived
1135,3669,vid,7500,derived
1729,3670,vid,7044,derived
1729,3671,yard,6595854,derived
1729,3672,vid,6695,derived
1729,3673,vid,9366,derived
1729,3674,vid,9366,derived
1729,3675,vid,6968,derived
3676,3677,yard,135878,derived
3676,3678,yard,6848519,derived
3676,3679,yard,149408,derived
3676,3680,yard,945656,derived
3676,3681,vid,5831,derived
3682,3683,yard,423372,derived
3682,3684,yard,50834,derived
3682,3685,yard,499338,derived
3682,3686,yard,780732,derived
3682,3687,yard,60946,derived
3682,3688,vid,8870,derived
3682,3689,vid,7592,derived
1130,3690,yard,1047713,derived
1130,3691,yard,334948,derived
1130,3692,yard,334948,derived
1046,3693,yard,7847972,derived
1046,3694,yard,182536,derived
1046,3695,yard,182536,derived
1046,3696,yard,182536,derived
3697,3698,vid,7268,derived
3697,3699,vid,7468,derived
3697,3700,vid,10625,derived
3697,3701,yard,149898,derived
3702,3703,yard,5152905,derived
3702,3704,yard,1524849,derived
3702,3705,yard,94811,derived
1837,3706,vid,7719,derived
3707,3708,yard,933652,derived
3709,3710,yard,4866510,derived
3709,3711,yard,5624628,derived
3709,3712,yard,161164,derived
3709,3713,vid,9993,derived
3709,3714,vid,6867,derived
3715,3716,yard,5446038,derived
3715,3717,yard,79497,derived
3715,3718,vid,7671,derived
3719,3720,yard,656265,derived
3719,3721,yard,656265,derived
3719,3722,yard,656265,derived
3719,3723,vid,4511,derived
3719,3724,vid,35069,derived
2208,3725,yard,10544569,derived
2420,3726,vid,16777,derived
1681,3727,yard,122498,derived
1681,3728,yard,122498,derived
1878,3729,yard,2483670,derived
1286,3730,yard,360610,derived
1972,3731,vid,6661,derived
1772,3732,vid,5000,derived
1772,3733,vid,4750,derived
1887,3734,vid,9817,derived
1887,3735,vid,6299,derived
1887,3736,vid,10939,derived
1818,3737,vid,33000,derived
1818,3738,yard,55000,derived
1948,3739,vid,4231,derived
1364,3740,yard,82051,derived
2330,3741,yard,7892500,derived
2330,3742,vid,5500,derived
2330,3743,vid,5250,derived
1690,3744,vid,11024,derived
1065,3745,vid,12815,derived
1065,3746,yard,1361368,derived
2031,3747,yard,640220,derived
2031,3748,vid,13013,derived
1644,3749,yard,12070809,derived
1644,3750,yard,4293120,derived
3482,3751,vid,9546,derived
3482,3752,vid,6300,derived
3482,3753,vid,9560,derived
3482,3754,vid,12435,derived
1009,3755,vid,8681,derived
1677,3756,vid,19218,derived
1677,3757,yard,435729,derived
1495,3758,vid,6293,derived
1573,3759,yard,1830191,derived
1573,3760,yard,127988,derived
3761,3762,vid,36663,derived
1609,3763,yard,5183725,derived
1609,3764,vid,9890,derived
1609,3765,vid,38899,derived
1488,3766,vid,7740,derived
1488,3767,vid,7852,derived
1731,3768,vid,7804,derived
1730,3769,yard,15051430,derived
1730,3770,vid,5355,derived
1730,3771,vid,4819,derived
2530,3772,yard,2131461,derived
2530,3773,yard,6240800,derived
2530,3774,yard,2692257,derived
1227,3775,yard,2318185,derived
1227,3776,yard,2318185,derived
1227,3777,yard,2318185,derived
1982,3778,yard,446539,derived
1982,3779,yard,175146,derived
1982,3780,yard,625533,derived
3781,3782,yard,9316030,derived
3781,3783,yard,2971682,derived
1372,3784,yard,884913,derived
1432,3785,yard,787969,derived
3786,3787,vid,4950,derived
3786,3788,vid,5031,derived
3786,3789,yard,729502,derived
3786,3790,yard,4918482,derived
3791,3792,vid,28459,derived
3791,3793,vid,10730,derived
3791,3794,vid,8737,derived
3791,3795,vid,8015,derived
3791,3796,yard,1531458,derived
3791,3797,vid,5283,derived
3791,3798,vid,3727,derived
3799,3800,yard,9281993,derived
3799,3801,vid,12144,derived
3799,3802,vid,8453,derived
1320,3803,yard,3503193,derived
1320,3804,yard,2687069,derived
1320,3805,vid,11371,derived
3806,3807,yard,69247,derived
3806,3808,yard,7584616,derived
3809,3810,vid,6160,derived
3809,3811,vid,6160,derived
3809,3812,yard,1232976,derived
3809,3813,yard,54746,derived
3809,3814,vid,8027,derived
3809,3815,vid,8775,derived
3809,3816,vid,762,derived
3799,3817,yard,610993,derived
3799,3818,yard,1869800,derived
1230,3819,vid,19500,derived
1576,3820,yard,2750521,derived
1576,3821,vid,6615,derived
3823,3824,yard,1245336,derived
3822,3825,yard,89244,derived
3823,3826,vid,9250,derived
3823,3827,vid,12710,derived
3822,3828,yard,3271755,derived
3822,3829,vid,7193,derived
2580,3830,vid,10400,derived
3831,3832,yard,4062150,derived
3831,3833,vid,8517,derived
1975,3834,vid,4538,derived
1975,3835,yard,115077,derived
1975,3836,yard,653127,derived
1975,3837,yard,4738926,derived
1975,3838,vid,5814,derived
1426,3839,yard,3487681,derived
1452,3840,yard,5639000,derived
1452,3841,yard,2002000,derived
1842,3842,vid,15000,derived
1842,3843,vid,28500,derived
1842,3844,vid,28500,derived
1842,3845,yard,50000,derived
1821,3846,yard,810350,derived
1820,3847,yard,435995,derived
1738,3848,vid,5854,derived
2369,3849,vid,6531,derived
1472,3850,vid,19500,derived
3851,3852,yard,6973996,derived
3851,3853,vid,8650,derived
3854,3855,yard,1188000,derived
3854,3856,yard,74700,derived
3854,3857,vid,6750,derived
1423,3858,vid,6930,derived
2002,3860,vid,9900,derived
1144,3861,vid,15400,derived
2245,3862,vid,6658,derived
2245,3863,vid,13153,derived
2245,3864,vid,7968,derived
2245,3865,yard,7068807,derived
3373,3866,yard,1964689,derived
3373,3867,vid,6513,derived
3373,3868,vid,7874,derived
3869,3870,yard,2415216,derived
3869,3871,vid,8140,derived
3869,3872,vid,15005,derived
3823,3873,vid,8574,derived
3874,3875,yard,5104030,derived
3874,3876,vid,7315,derived
3874,3877,vid,8758,derived
3874,3878,yard,414115,derived
3879,3880,yard,5899745,derived
3879,3881,vid,8625,derived
3879,3882,vid,12210,derived
3879,3883,vid,11352,derived
1826,3884,yard,232242,derived
1826,3885,yard,4595166,derived
1826,3886,yard,4595166,derived
1780,3887,yard,7726507,derived
1780,3888,yard,165304,derived
1780,3889,yard,180497,derived
1780,3890,yard,1079105,derived
1455,3891,vid,6927,derived
1455,3892,vid,5606,derived
1638,3893,vid,5037,derived
1638,3894,yard,468364,derived
1557,3895,vid,7288,derived
1551,3896,yard,6663520,derived
1766,3897,yard,70580,derived
1766,3898,vid,31815,derived
2107,3899,vid,19488,derived
2107,3900,vid,11455,derived
2271,3901,yard,148085,derived
2271,3902,vid,5319,derived
2158,3903,vid,7154,derived
1455,3904,vid,7865,derived
3905,3906,yard,1867443,derived
3905,3907,yard,707765,derived
2904,3908,vid,9106,derived
2904,3909,vid,13839,derived
1057,3910,vid,3444,derived
1057,3911,vid,6882,derived
2034,3912,vid,11725,derived
1485,3913,vid,12360,derived
1485,3914,vid,4832,derived
3915,3916,yard,4612282,derived
3915,3917,yard,391707,derived
3915,3918,vid,12066,derived
1024,3919,yard,3565300,derived
1024,3920,yard,2100350,derived
1024,3921,yard,119875,derived
1024,3922,vid,7000,derived
1024,3923,vid,4750,derived
1548,3924,yard,6366950,derived
1548,3925,vid,6000,derived
2211,3926,yard,4866260,derived
2211,3927,vid,9936,derived
2211,3928,vid,13029,derived
2211,3929,yard,4236146,derived
2211,3930,yard,651196,derived
2211,3931,yard,399546,derived
2081,3932,vid,7174,derived
1082,3933,vid,16295,derived
2188,3934,vid,8513,derived
1489,3935,vid,7737,derived
1489,3936,vid,10164,derived
3937,3938,yard,2050343,derived
3937,3939,yard,6880871,derived
3937,3940,vid,8533,derived
3937,3941,vid,18478,derived
3937,3942,vid,13432,derived
3943,3944,yard,4709977,derived
3943,3945,yard,3401713,derived
3943,3946,vid,18946,derived
3943,3947,vid,8256,derived
3943,3948,vid,5004,derived
3943,3949,vid,14776,derived
3943,3950,vid,11542,derived
1924,3951,vid,6119,derived
3952,3953,yard,3488020,derived
3952,3954,yard,3883492,derived
3952,3955,vid,7821,derived
3952,3956,vid,9982,derived
3957,3958,yard,9232014,derived
3957,3959,yard,4751012,derived
3957,3960,vid,12127,derived
3957,3961,vid,6029,derived
3957,3962,vid,6230,derived
3957,3963,vid,14750,derived
1657,3964,yard,62064,derived
1445,3965,vid,9900,derived
1062,3966,vid,4852,derived
1062,3967,vid,4558,derived
1062,3968,yard,51420,derived
1016,3969,vid,20000,derived
1811,3970,vid,8189,derived
1401,3971,vid,15000,derived
1042,3972,vid,5000,derived
1511,3973,yard,241800,derived
1511,3974,yard,3854975,derived
2038,3975,yard,5118769,derived
1076,3976,vid,15960,derived
1076,3977,vid,11550,derived
1076,3978,vid,14399,derived
1076,3979,vid,16779,derived
2025,3980,vid,9027,derived
2025,3981,vid,9243,derived
2025,3982,vid,4702,derived
2025,3983,vid,4290,derived
2025,3984,yard,1778238,derived
2025,3985,vid,4947,derived
2025,3986,yard,505958,derived
1674,3987,vid,9547,derived
2108,3988,vid,6114,derived
2108,3989,vid,7796,derived
2108,3990,vid,6475,derived
2108,3991,vid,8099,derived
3799,3992,vid,7540,derived
1798,3993,yard,4249874,derived
1798,3994,vid,12255,derived
1232,3995,yard,677373,derived
1232,3996,yard,296294,derived
1232,3997,vid,5414,derived
1232,3998,vid,3979,derived
1229,3999,vid,11718,derived
3164,4000,vid,3776,derived
3164,4001,vid,3237,derived
4002,4003,vid,10682,derived
4002,4004,vid,8030,derived
4002,4005,vid,8950,derived
4002,4006,yard,5307659,derived
1570,4007,vid,0,derived
1805,4008,yard,200000,derived
1229,4009,yard,1546199,derived
4010,4011,yard,1750300,derived
4010,4012,yard,8771450,derived
4010,4013,yard,5447250,derived
4010,4014,vid,5500,derived
4010,4015,vid,4500,derived
4010,4016,vid,4500,derived
4010,4017,vid,6500,derived
4023,4024,yard,488587,derived
4023,4025,yard,6861190,derived
4023,4026,yard,7615950,derived
4023,4027,vid,13095,derived
4028,4029,vid,5358,derived
4028,4030,vid,4301,derived
4028,4031,vid,3990,derived
4028,4032,vid,14210,derived
