shortline,partner,yard_id,yard_name,source,preferred
AA,CSX,2055,"Toledo Ottawa Yard, OH",derived,preferred
AA,CSX,2770,"Dundee, MI",derived,preferred
AA,NS,2055,"Toledo Ottawa Yard, OH",derived,preferred
AA,IORY,3898,"Diann, MI",derived,
AB,WE,3164,"Akron Brittain Yard, OH",derived,
ABCX,CSX,1787,"Birmingham Sloss Coke, AL",derived,
ABCX,NS,1787,"Birmingham Sloss Coke, AL",derived,
ABCX,NS,2423,"Birmingham ABC Coke, AL",derived,
ABWR,CSX,1787,"Birmingham Sloss Coke, AL",derived,
ABWR,NS,1787,"Birmingham Sloss Coke, AL",derived,
ACWR,CSX,1187,"Aberdeen CSX, NC",derived,
ACWR,CSX,1274,"Charlotte NS, NC",derived,
ACWR,NS,1274,"Charlotte NS, NC",derived,
AERC,PNWR,1823,"Albany, OR",derived,
AGR,BNSF,3702,"Amory BNSF, MS",derived,preferred
AGR,CPKC,3710,"Columbus Steel Dynamics CPKC, MS",derived,
AKMD,UP,1920,"North Little Rock UP, AR",derived,
ALS,CSX,1120,"E. St. Louis Rose Lake Yard, IL",derived,
ALS,CSX,1300,"E. St. Louis Gateway Yard, IL",derived,
ALS,CSX,1364,"E. St. Louis Madison Yard, IL",derived,
ALS,CPKC,1120,"E. St. Louis Rose Lake Yard, IL",derived,
ALS,CPKC,1300,"E. St. Louis Gateway Yard, IL",derived,
ALS,CPKC,1364,"E. St. Louis Madison Yard, IL",derived,
ALS,NS,1300,"E. St. Louis Gateway Yard, IL",derived,
ALS,NS,1364,"E. St. Louis Madison Yard, IL",derived,
ALS,UP,1120,"E. St. Louis Rose Lake Yard, IL",derived,preferred
ALS,UP,1300,"E. St. Louis Gateway Yard, IL",derived,preferred
ALS,UP,1364,"E. St. Louis Madison Yard, IL",derived,preferred
ALS,UP,2041,"Sauget Fox Terminal, IL",derived,preferred
ALS,UP,2903,"Granite City AA Siding, IL",derived,preferred
ALS,TRRA,1300,"E. St. Louis Gateway Yard, IL",derived,
ALS,TRRA,1364,"E. St. Louis Madison Yard, IL",derived,
AO,CSX,1900,"Grafton, WV",derived,
APD,CSX,1060,"Port of Albany, NY",derived,
AR,CSX,1187,"Aberdeen CSX, NC",derived,
ARC,NS,3781,"Statesville NS, NC",derived,
ASRY,CSX,1028,"Willard, OH",derived,
AVR,CSX,1521,"Pittsburgh Glenwood Yard, PA",derived,
AVR,NS,1521,"Pittsburgh Glenwood Yard, PA",derived,
AVR,NS,3952,"Pittsburgh Island Ave. Yard, PA",derived,
AVR,BPRR,1521,"Pittsburgh Glenwood Yard, PA",derived,
AVR,WE,1349,"Green Tree Rook Yard, PA",derived,
BB,NS,1525,"Crewe, VA",derived,
BB,NS,1861,"Chesapeake Portlock Yard, VA",derived,
BERX,CSX,1027,"Ayer Hill Yard, MA",derived,
BERX,CSX,1116,"Rotterdam Jct., NY",derived,
BERX,NS,1027,"Ayer Hill Yard, MA",derived,
BERX,NS,1117,"Schenectady Mohawk Yard, NY",derived,
BERX,NS,2057,"Mechanicville, NY",derived,
BERX,NECR,2274,"Bellows Falls, VT",derived,
BERX,NECR,2808,"Brattleboro, VT",derived,
BHRR,BNSF,1720,"Birmingham East Thomas Yard, AL",derived,
BHRR,CSX,1467,"Fairfield Works, AL",derived,
BHRR,CSX,1720,"Birmingham East Thomas Yard, AL",derived,
BHRR,CSX,1786,"Birmingham ACIPCO, AL",derived,
BHRR,NS,1467,"Fairfield Works, AL",derived,
BHS,IHB,1762,"Ports of Indiana Burns Harbor, IN",derived,
BJRY,BNSF,1901,"West Quincy, MO",derived,
BJRY,BNSF,3854,"Burlington, IA",derived,
BKRR,BERX,3176,"Eagle Bridge/Hoosick Jct, NY",derived,
BPRR,CN,2510,"Lackawanna, NY",derived,
BPRR,CPKC,1367,"Buffalo Bison Yard, NY",derived,
BPRR,CSX,1078,"New Castle CSX, PA",derived,
BPRR,CSX,1521,"Pittsburgh Glenwood Yard, PA",derived,
BPRR,CSX,2510,"Lackawanna, NY",derived,
BPRR,NS,1367,"Buffalo Bison Yard, NY",derived,
BPRR,NS,1521,"Pittsburgh Glenwood Yard, PA",derived,
BRC,BNSF,1072,"Chicago Corwith Yard, IL",derived,
BRC,BNSF,1473,"Chicago Clearing Yard, IL",derived,
BRC,BNSF,1606,"Chicago Bensenville Yard, IL",derived,
BRC,BNSF,1810,"Eola, IL",derived,
BRC,CN,1072,"Chicago Corwith Yard, IL",derived,
BRC,CN,1473,"Chicago Clearing Yard, IL",derived,
BRC,CN,1606,"Chicago Bensenville Yard, IL",derived,
BRC,CN,1632,"Chicago Glenn Yard, IL",derived,
BRC,CN,1810,"Eola, IL",derived,
BRC,CPKC,1473,"Chicago Clearing Yard, IL",derived,
BRC,CPKC,1606,"Chicago Bensenville Yard, IL",derived,
BRC,CSX,1473,"Chicago Clearing Yard, IL",derived,
BRC,CSX,1606,"Chicago Bensenville Yard, IL",derived,
BRC,NS,1072,"Chicago Corwith Yard, IL",derived,
BRC,NS,1473,"Chicago Clearing Yard, IL",derived,
BRC,NS,1515,"Chicago Commercial Ave Yard, IL",derived,
BRC,NS,1606,"Chicago Bensenville Yard, IL",derived,
BRC,UP,1473,"Chicago Clearing Yard, IL",derived,
BRC,UP,1606,"Chicago Bensenville Yard, IL",derived,
BRC,UP,1632,"Chicago Glenn Yard, IL",derived,
CA,NS,1861,"Chesapeake Portlock Yard, VA",derived,
CAGY,CPKC,3709,"Artesia, MS",derived,
CAGY,ABS,3709,"Artesia, MS",derived,
CBRL,UP,1548,"Eugene Yard, OR",derived,
CCET,NS,3528,"Mariemont Clare Yard, OH",derived,
CCH,NS,1447,"Columbus, GA",derived,
CCT,BNSF,1005,"West Stockton, CA",derived,
CCT,BNSF,1353,"Stockton Mormon Yard, CA",derived,
CCT,UP,1005,"West Stockton, CA",derived,
CEMR,CN,1610,"Winnipeg Symington Yard, MB",derived,
CFE,CSX,1380,"Fort Wayne Piqua Yard, IN",derived,
CFE,CSX,1396,"Chicago Blue Island Yard, IL",derived,
CFE,CSX,1863,"Hammond Gibson Yard, IN",derived,
CFE,CSX,2307,"Crestline, OH",derived,
CFE,CSX,3809,"Lima Robb Ave. Yard CSX, OH",derived,
CFE,NS,1380,"Fort Wayne Piqua Yard, IN",derived,
CFE,NS,1396,"Chicago Blue Island Yard, IL",derived,
CFE,NS,1863,"Hammond Gibson Yard, IN",derived,
CFE,NS,3812,"Lima Ford Park Yard IORY, OH",derived,
CFE,IHB,1396,"Chicago Blue Island Yard, IL",derived,
CFE,IHB,1863,"Hammond Gibson Yard, IN",derived,
CFE,IORY,3812,"Lima Ford Park Yard IORY, OH",derived,
CFNR,UP,1713,"Suisun-Fairfield, CA",derived,
CFNR,UP,1833,"Davis, CA",derived,
CGR,CSX,2015,"Mobile Sibert Yard, AL",derived,
CIC,CN,1134,"Cedar Rapids ADM Plant, IA",derived,
CIC,IAIS,1134,"Cedar Rapids ADM Plant, IA",derived,
CIND,CSX,1455,"Cincinnati Queensgate Yard, OH",derived,
CIND,NS,1455,"Cincinnati Queensgate Yard, OH",derived,
CIND,IORY,1455,"Cincinnati Queensgate Yard, OH",derived,
CLC,LVSW,3725,"Longview CLC, WA",derived,
CLNA,CSX,1148,"Rocky Mount, NC",derived,
COER,UP,1180,"Marion, IL",derived,
CORP,UP,1548,"Eugene Yard, OR",derived,
CPR,NS,2081,"Valdosta Langdale Yard, GA",derived,
CPR,NS,3700,"Barnesville, GA",derived,
CRL,NS,1473,"Chicago Clearing Yard, IL",derived,
CRL,BRC,1473,"Chicago Clearing Yard, IL",derived,
CRL,IAIS,2126,"Chicago Burr Oak Yard, IL",derived,
CRL,IHB,1473,"Chicago Clearing Yard, IL",derived,preferred
CRMI,CSX,1697,"Detroit Livernois Yard, MI",derived,
CRMI,NS,1113,"Warren Mound Road Yard, MI",derived,
CRMI,NS,1181,"Detroit River Rouge Yard, MI",derived,
CRMI,NS,1366,"Sterling Heights Sterling Yard, MI",derived,
CRMI,NS,1697,"Detroit Livernois Yard, MI",derived,
CRMI,NS,2044,"Detroit Delray Delta Yard, MI",derived,
CRNJ,CSX,1105,"Jersey City Meadows Yard, NJ",derived,
CRNJ,CSX,1347,"Newark Oak Island Yard, NJ",derived,
CRNJ,CSX,1688,"Elizabeth Marine Terminal, NJ",derived,
CRNJ,CSX,1689,"Port Newark, NJ",derived,
CRNJ,CSX,2177,"Sewaren, NJ",derived,
CRNJ,CSX,2265,"Linden/ Tremley Point, NJ",derived,
CRNJ,NS,1105,"Jersey City Meadows Yard, NJ",derived,
CRNJ,NS,1108,"Jersey City Croxton Yard, NJ",derived,
CRNJ,NS,1347,"Newark Oak Island Yard, NJ",derived,
CRNJ,NS,1688,"Elizabeth Marine Terminal, NJ",derived,
CRNJ,NS,1689,"Port Newark, NJ",derived,
CRNJ,NS,2177,"Sewaren, NJ",derived,
CRNJ,NS,2265,"Linden/ Tremley Point, NJ",derived,
CRNJ,NS,2266,"New York Container Terminal, NY",derived,
CRSJ,CSX,1474,"Philadelphia Greenwich Yard, PA",derived,
CRSJ,CSX,1494,"Marcus Hook, PA",derived,
CRSJ,CSX,1788,"Philadelphia Eastside Yard, PA",derived,
CRSJ,CSX,1911,"Morrisville, PA",derived,
CRSJ,CSX,3636,"Woodbourne, PA",derived,
CRSJ,NS,1494,"Marcus Hook, PA",derived,
CRSJ,NS,1884,"Camden Pavonia Yard, NJ",derived,
CRSJ,NS,1911,"Morrisville, PA",derived,
CRSJ,NS,2039,"Fairless Hills, PA",derived,
CRSJ,NS,2182,"Philadelphia Port Richmond, PA",derived,
CRSJ,NS,3592,"Philadelphia West Falls Yard, PA",derived,
CSI,UP,2287,"Fontana Kaiser Steel, CA",derived,
CSP,CPKC,1606,"Chicago Bensenville Yard, IL",derived,
CSS,CN,1055,"Chicago Calumet Yard, IL",derived,
CSS,CN,1738,"Michigan City, IN",derived,
CSS,CN,2920,"Gary Kirk Yard, IN",derived,
CSS,BRC,1515,"Chicago Commercial Ave Yard, IL",derived,preferred
CSS,CSX,1961,"Goff, IN",derived,
CSS,CSX,2920,"Gary Kirk Yard, IN",derived,
CSS,CSX,2929,"East Chicago Peiguss Yard, IN",derived,
CSS,IHB,1515,"Chicago Commercial Ave Yard, IL",derived,
CTN,CSX,3413,"Baltimore Penn-Mary Yard, MD",derived,
CTRW,CN,1646,"Saskatoon Chappell Yard, SK",derived,preferred
CTRW,CN,2794,"Warman, SK",derived,preferred
CVR,BNSF,2281,"Dodge City, KS",derived,
CVR,BNSF,2282,"Ensign, KS",derived,
CWRO,CSX,2370,"Cleveland Clark Ave. Yard, OH",derived,
CWRO,NS,2371,"Cleveland Campbell Road Yard, OH",derived,
CWRO,WE,2371,"Cleveland Campbell Road Yard, OH",derived,
CWRY,CSX,2277,"Suffolk APM Terminals, VA",derived,
CWRY,NS,2276,"Suffolk Wilroy Industr. Park, VA",derived,
CWRY,NS,2277,"Suffolk APM Terminals, VA",derived,
CWW,UP,1495,"Wallula UP, WA",derived,preferred
DAIR,BNSF,1706,"Sioux Falls BNSF, SD",derived,
DC,CN,1988,"Detroit South Yard, MI",derived,
DC,CSX,1469,"Detroit Zug Island, MI",derived,
DC,NS,1469,"Detroit Zug Island, MI",derived,
DC,NS,1988,"Detroit South Yard, MI",derived,
DC,NS,2044,"Detroit Delray Delta Yard, MI",derived,
DGNO,BNSF,1797,"Dallas Mockingbird Yard, TX",derived,
DGNO,BNSF,1798,"Irving BNSF, TX",derived,
DGNO,CPKC,1795,"Dallas CPKC Yard, TX",derived,
DGNO,UP,1232,"Denison Ray Yard, TX",derived,
DGNO,UP,1797,"Dallas Mockingbird Yard, TX",derived,
DGNO,UP,1846,"Dallas Miller Yard, TX",derived,
DMVW,BNSF,1704,"Aberdeen BNSF, SD",derived,
DMVW,BNSF,2640,"Britton, SD",derived,
DMVW,CPKC,2226,"Hankinson CPKC, ND",derived,preferred
DMVW,CPKC,2229,"Max, ND",derived,preferred
DREI,CSX,1085,"Terre Haute Duane Yard, IN",derived,preferred
DREI,CSX,1182,"Ficklin, IL",derived,preferred
DRIR,BNSF,1800,"Denver 38th St. Yard, CO",derived,
DRIR,UP,1770,"Denver North Yard, CO",derived,preferred
DRIR,UP,1976,"Denver Sand Creek Yard, CO",derived,preferred
DRIR,UP,1977,"Denver Silver Yard, CO",derived,preferred
DRIR,UP,1979,"Denver North Washington, CO",derived,preferred
DRIR,UP,1980,"Denver Stock Yards, CO",derived,preferred
DT,CN,1986,"Decatur North-Runaround Yard, IL",derived,
EE,BNSF,1706,"Sioux Falls BNSF, SD",derived,
EIRR,UP,3467,"Rupert, ID",derived,
ESPN,NS,1475,"Reading Spring St. Yard, PA",derived,
ETL,CN,2429,"Windsor Walkerville, ON",derived,
ETL,CPKC,1174,"Windsor CPKC, ON",derived,
ETL,CPKC,2429,"Windsor Walkerville, ON",derived,
ETRY,CSX,1269,"Johnson City High Line Yard, TN",derived,
ETRY,NS,1270,"Johnson City ETRY, TN",derived,
EVWR,CSX,1159,"Evansville Howell Yard, IN",derived,
EVWR,NS,3026,"McLeansboro Bunge Spur, IL",derived,
EVWR,NS,3027,"Sugar Camp Mine, IL",derived,
FCEN,CSX,1361,"Orlando Taft Yard, FL",derived,
FEC,CSX,1656,"Jacksonville Bowden Yard, FL",derived,
FEC,CSX,2034,"Jacksonville Moncrief Yard, FL",derived,
FEC,NS,1656,"Jacksonville Bowden Yard, FL",derived,
FEC,NS,2034,"Jacksonville Moncrief Yard, FL",derived,
FGLK,NS,2847,"Geneva, NY",derived,
FIMX,NS,2458,"Rockwood, TN",derived,
FMID,CSX,2280,"Mulberry, FL",derived,
FOXY,CN,3547,"Green Bay, WI",derived,
FVRR,PAL,1948,"Princeton, KY",derived,
FWWR,BNSF,1847,"Ft. Worth Tower 55, TX",derived,preferred
FWWR,BNSF,1904,"Ft. Worth North Yard, TX",derived,preferred
FWWR,BNSF,3254,"Cresson, TX",derived,preferred
FWWR,BNSF,3530,"Saginaw BNSF, TX",derived,preferred
FWWR,CPKC,3530,"Saginaw BNSF, TX",derived,
FWWR,UP,1847,"Ft. Worth Tower 55, TX",derived,preferred
FWWR,UP,1904,"Ft. Worth North Yard, TX",derived,preferred
FWWR,UP,3248,"Ft. Worth Hodge Yard, TX",derived,preferred
GDLK,CN,1500,"Elkhart, IN",derived,
GDLK,CN,2298,Battle Creek Center CN,derived,
GDLK,CSX,2216,"Lansing Ensel Yard, MI",derived,
GDLK,NS,1500,"Elkhart, IN",derived,
GFRR,CSX,2084,"Valdosta West CSX, GA",derived,
GFRR,CSX,2419,"Albany Molson Coors Brewery, GA",derived,
GITM,CSX,1288,"Brunswick CSX Yard, GA",derived,
GITM,CSX,1304,"Brunswick Colonel's Island Terminal, GA",derived,
GITM,NS,1304,"Brunswick Colonel's Island Terminal, GA",derived,
GJR,CPKC,3765,"Campbellville Guelph Jct Yard, ON",derived,
GLC,AA,2770,"Dundee, MI",derived,preferred
GLC,CN,1725,"Durand, MI",derived,
GOGR,CN,1931,"Baton Rouge CN Yard, LA",derived,
GWWD,CN,1610,"Winnipeg Symington Yard, MB",derived,
HAL,NS,2211,"Albany NS, GA",derived,
HCRY,CPKC,1815,"Sudbury CPKC, ON",derived,
HESR,CN,1725,"Durand, MI",derived,
HESR,CSX,2770,"Dundee, MI",derived,
IAIS,BNSF,1115,"Council Bluffs IAIS, IA",derived,
IAIS,BNSF,1134,"Cedar Rapids ADM Plant, IA",derived,
IAIS,BNSF,1396,"Chicago Blue Island Yard, IL",derived,
IAIS,BNSF,2128,"Davenport Nahant Yard CPKC, IA",derived,
IAIS,BNSF,2375,"Rock Island IAIS, IL",derived,
IAIS,BNSF,2583,"Council Bluffs Island Park IAIS, IA",derived,
IAIS,BNSF,3065,"Hancock, IA",derived,
IAIS,BNSF,3658,"East Peoria TZPR, IL",derived,
IAIS,BNSF,3661,"Peoria TZPR, IL",derived,
IAIS,CN,1134,"Cedar Rapids ADM Plant, IA",derived,
IAIS,CN,1396,"Chicago Blue Island Yard, IL",derived,
IAIS,CN,3658,"East Peoria TZPR, IL",derived,
IAIS,CPKC,1066,"Chicago Barr Yard, IL",derived,
IAIS,CPKC,2128,"Davenport Nahant Yard CPKC, IA",derived,
IAIS,CPKC,2375,"Rock Island IAIS, IL",derived,
IAIS,UP,1066,"Chicago Barr Yard, IL",derived,
IAIS,UP,1396,"Chicago Blue Island Yard, IL",derived,
IAIS,UP,3658,"East Peoria TZPR, IL",derived,
IAIS,UP,3661,"Peoria TZPR, IL",derived,
IAIS,UP,3663,"Bartonville, IL",derived,
IAIS,IHB,1066,"Chicago Barr Yard, IL",derived,
IAIS,IHB,1396,"Chicago Blue Island Yard, IL",derived,
IHB,BNSF,1098,"Chicago Argo, IL",derived,
IHB,BNSF,1396,"Chicago Blue Island Yard, IL",derived,
IHB,BNSF,1471,"Chicago Blue Island Jct., IL",derived,
IHB,BNSF,1473,"Chicago Clearing Yard, IL",derived,
IHB,BNSF,1606,"Chicago Bensenville Yard, IL",derived,
IHB,BNSF,1721,"Chicago Markham Yard, IL",derived,
IHB,BNSF,1863,"Hammond Gibson Yard, IN",derived,
IHB,CN,1396,"Chicago Blue Island Yard, IL",derived,
IHB,CN,1471,"Chicago Blue Island Jct., IL",derived,
IHB,CN,1473,"Chicago Clearing Yard, IL",derived,
IHB,CN,1606,"Chicago Bensenville Yard, IL",derived,
IHB,CN,1721,"Chicago Markham Yard, IL",derived,
IHB,CN,1863,"Hammond Gibson Yard, IN",derived,
IHB,CN,2130,"Indiana Harbor Works, IN",derived,
IHB,CPKC,1066,"Chicago Barr Yard, IL",derived,
IHB,CPKC,1098,"Chicago Argo, IL",derived,
IHB,CPKC,1473,"Chicago Clearing Yard, IL",derived,
IHB,CPKC,1595,"Chicago Proviso Yard - Global 2, IL",derived,
IHB,CPKC,1606,"Chicago Bensenville Yard, IL",derived,
IHB,CPKC,1863,"Hammond Gibson Yard, IN",derived,
IHB,CSX,1066,"Chicago Barr Yard, IL",derived,
IHB,CSX,1098,"Chicago Argo, IL",derived,
IHB,CSX,1161,"Chicago Yard Center, IL",derived,
IHB,CSX,1396,"Chicago Blue Island Yard, IL",derived,
IHB,CSX,1471,"Chicago Blue Island Jct., IL",derived,
IHB,CSX,1473,"Chicago Clearing Yard, IL",derived,
IHB,CSX,1595,"Chicago Proviso Yard - Global 2, IL",derived,
IHB,CSX,1606,"Chicago Bensenville Yard, IL",derived,
IHB,CSX,1863,"Hammond Gibson Yard, IN",derived,
IHB,CSX,2130,"Indiana Harbor Works, IN",derived,
IHB,CSX,2931,"Whiting IHB, IN",derived,
IHB,NS,1396,"Chicago Blue Island Yard, IL",derived,
IHB,NS,1473,"Chicago Clearing Yard, IL",derived,
IHB,NS,1515,"Chicago Commercial Ave Yard, IL",derived,
IHB,NS,1595,"Chicago Proviso Yard - Global 2, IL",derived,
IHB,NS,1606,"Chicago Bensenville Yard, IL",derived,
IHB,NS,1721,"Chicago Markham Yard, IL",derived,
IHB,NS,1863,"Hammond Gibson Yard, IN",derived,
IHB,NS,2130,"Indiana Harbor Works, IN",derived,
IHB,NS,2926,"East Chicago Michigan Avenue Yard, IN",derived,
IHB,UP,1066,"Chicago Barr Yard, IL",derived,
IHB,UP,1098,"Chicago Argo, IL",derived,
IHB,UP,1161,"Chicago Yard Center, IL",derived,
IHB,UP,1396,"Chicago Blue Island Yard, IL",derived,
IHB,UP,1473,"Chicago Clearing Yard, IL",derived,
IHB,UP,1595,"Chicago Proviso Yard - Global 2, IL",derived,
IHB,UP,1606,"Chicago Bensenville Yard, IL",derived,
IHB,UP,1721,"Chicago Markham Yard, IL",derived,
IHB,UP,1863,"Hammond Gibson Yard, IN",derived,
IHB,UP,2166,"Chicago Calumet River Industrial Track IHB, IL",derived,
IMRR,BNSF,1509,"Pekin IMRR, IL",derived,
IMRR,BNSF,3658,"East Peoria TZPR, IL",derived,
IMRR,CN,3658,"East Peoria TZPR, IL",derived,
IMRR,UP,1509,"Pekin IMRR, IL",derived,
IMRR,UP,3658,"East Peoria TZPR, IL",derived,
IMRR,IAIS,3658,"East Peoria TZPR, IL",derived,
IMRR,TZPR,3658,"East Peoria TZPR, IL",derived,
IN,NS,3567,"Montpelier, OH",derived,
INRD,CN,2351,"Robinson, IL",derived,
INRD,CSX,1086,"Terre Haute Van Yard, IN",derived,
INRD,CSX,1611,"Avon, IN",derived,
INRD,CSX,2349,"Bear Run Mine, IN",derived,
INRD,CSX,2563,"Terre Haute Peavy Lead, IN",derived,
IORY,CN,1766,"Flat Rock Yard, MI",derived,
IORY,CSX,1455,"Cincinnati Queensgate Yard, OH",derived,
IORY,CSX,2158,"Columbus Parsons Yard, OH",derived,
IORY,NS,1455,"Cincinnati Queensgate Yard, OH",derived,
IORY,NS,3526,"Sharonville, OH",derived,
IORY,NS,3528,"Mariemont Clare Yard, OH",derived,
IORY,NS,3812,"Lima Ford Park Yard IORY, OH",derived,
IORY,CFE,3812,"Lima Ford Park Yard IORY, OH",derived,
IORY,CIND,1455,"Cincinnati Queensgate Yard, OH",derived,
IORY,WE,3812,"Lima Ford Park Yard IORY, OH",derived,
IR,BNSF,1810,"Eola, IL",derived,preferred
ISRR,CSX,1159,"Evansville Howell Yard, IN",derived,
ISRR,CSX,2349,"Bear Run Mine, IN",derived,
ITHR,NS,3495,"Sayre, PA",derived,
JAIL,CN,2215,"Lansing Snow Yard, MI",derived,
JAIL,NS,3831,"Wayne NS, MI",derived,preferred
KAW,BNSF,1227,"Kansas City Knoche Yard CPKC, MO",derived,preferred
KAW,BNSF,1301,"Kansas City Neff Yard, MO",derived,preferred
KAW,BNSF,2011,"Kansas City 10th St. Yard, MO",derived,preferred
KAW,CPKC,1227,"Kansas City Knoche Yard CPKC, MO",derived,
KAW,CPKC,1301,"Kansas City Neff Yard, MO",derived,
KAW,NS,1227,"Kansas City Knoche Yard CPKC, MO",derived,
KAW,UP,1227,"Kansas City Knoche Yard CPKC, MO",derived,
KAW,UP,1301,"Kansas City Neff Yard, MO",derived,
KBSR,CSX,1085,"Terre Haute Duane Yard, IN",derived,
KBSR,CN,3647,"Kankakee CN, IL",derived,
KBSR,NS,1532,"Lafayette South Yard, IN",derived,
KBSR,UP,3653,"Iroquois, IL",derived,
KJRY,BNSF,3658,"East Peoria TZPR, IL",derived,
KJRY,CN,3658,"East Peoria TZPR, IL",derived,
KJRY,NS,3658,"East Peoria TZPR, IL",derived,
KJRY,UP,3658,"East Peoria TZPR, IL",derived,
KNWA,NS,1453,"Columbus Watkins Yard, OH",derived,
KNWA,NS,2088,"Williamson, WV",derived,
KO,BNSF,2824,"Wichita BNSF Yard, KS",derived,
KO,UP,2824,"Wichita BNSF Yard, KS",derived,
KRR,BNSF,1434,"Fort Towson, OK",derived,
KRR,BNSF,2210,"Valliant KRR, OK",derived,
KRR,CPKC,1251,"Texarkana, TX",derived,
KRR,UP,1251,"Texarkana, TX",derived,
KRR,UP,2210,"Valliant KRR, OK",derived,
KXHR,CSX,1825,"Knoxville Coster Yard, TN",derived,
KXHR,NS,1825,"Knoxville Coster Yard, TN",derived,preferred
LAJ,BNSF,1012,"Vernon LAJ A Yard, CA",derived,preferred
LC,CSX,2439,"Chester LC, SC",derived,
LDRR,BNSF,3879,"Lafayette, LA",derived,
LDRR,UP,3880,"New Iberia, LA",derived,
LIRC,CSX,1026,"Louisville Youngtown Yard, KY",derived,preferred
LIRC,CSX,1891,"Jeffersonville, IN",derived,preferred
LIRC,NS,1026,"Louisville Youngtown Yard, KY",derived,
LIRC,NS,1891,"Jeffersonville, IN",derived,
LIRC,NS,1939,"Louisville Oak St. Yard, KY",derived,
LMIC,CSS,1962,"Burns Harbor Cleveland-Cliffs, IN",derived,
LMR,CN,2968,"Regina CN Yard, SK",derived,
LRPA,UP,1920,"North Little Rock UP, AR",derived,
LRPA,UP,2206,"Port of Little Rock, AR",derived,
LRWN,UP,1920,"North Little Rock UP, AR",derived,
LRWY,NS,3495,"Sayre, PA",derived,
LSRC,CSX,1739,"Plymouth North Yard, MI",derived,
LVSW,BNSF,2208,"Longview LVSW, WA",derived,
LVSW,BNSF,3645,"Longview Junction, WA",derived,
LVSW,UP,2208,"Longview LVSW, WA",derived,
LVSW,UP,3645,"Longview Junction, WA",derived,
MCER,CSX,3239,"Palmer CSX/MCER, MA",derived,
MER,TRRA,1004,"St. Louis Pilsbury Siding, MO",derived,
MET,BNSF,2154,"Modesto MET, CA",derived,
MET,BNSF,3461,"Modesto BNSF, CA",derived,
MET,UP,2154,"Modesto MET, CA",derived,
MET,UP,3462,"Modesto UP, CA",derived,
METX,CRL,2126,"Chicago Burr Oak Yard, IL",derived,
MGRI,LIRC,1634,"Ports of Indiana-Jeffersonville, IN",derived,
MNA,BNSF,1301,"Kansas City Neff Yard, MO",derived,preferred
MNA,CPKC,1301,"Kansas City Neff Yard, MO",derived,
MNA,CPKC,2809,"Pittsburg, KS",derived,
MNA,UP,1301,"Kansas City Neff Yard, MO",derived,
MNA,UP,3490,"Newport, AR",derived,
MNNR,UP,1176,"St. Paul Hoffman Yard UP, MN",derived,
MNNR,UP,1391,"St. Paul Midway Yard, MN",derived,
MNNR,BNSF,1391,"St. Paul Midway Yard, MN",derived,
MNNR,CPKC,1176,"St. Paul Hoffman Yard UP, MN",derived,
MNNR,CPKC,1391,"St. Paul Midway Yard, MN",derived,
MPLI,TCWR,2642,"Winthrop, MN",derived,
MSTR,CSX,1869,"Massena, NY",derived,
NBSR,CN,2223,"Saint John, NB",derived,
NBSR,CPKC,1123,"Brownville Jct, ME",derived,
NBSR,CSX,1559,"Mattawamkeag, ME",derived,
NCIR,NS,2614,"New Castle NCIR, PA",derived,
NCRC,UP,2261,"Grand Island, NE",derived,preferred
NCRC,UP,2262,"Ord, NE",derived,preferred
NDW,NS,2959,"Woodburn, IN",derived,
NECR,CN,2273,"White River Junction, VT",derived,
NECR,PW,3245,"Willimantic, CT",derived,
NLR,BNSF,2143,"St. Cloud BNSF, MN",derived,
NLR,BNSF,3133,"St. Cloud Waite Park, MN",derived,
NOGC,UP,1423,"New Orleans Avondale Yard, LA",derived,
NOPB,BNSF,1423,"New Orleans Avondale Yard, LA",derived,
NOPB,BNSF,1425,"New Orleans Gentilly Yard, LA",derived,
NOPB,BNSF,1426,"New Orleans Oliver Yard, LA",derived,
NOPB,BNSF,2181,"New Orleans France/Jourdan Rd. Terminals, LA",derived,
NOPB,CN,1422,"New Orleans Mays Yard, LA",derived,
NOPB,CN,1424,"New Orleans Shrewsbury Yard, LA",derived,
NOPB,CN,1426,"New Orleans Oliver Yard, LA",derived,
NOPB,CN,2181,"New Orleans France/Jourdan Rd. Terminals, LA",derived,
NOPB,CPKC,1422,"New Orleans Mays Yard, LA",derived,
NOPB,CPKC,1424,"New Orleans Shrewsbury Yard, LA",derived,
NOPB,CPKC,1425,"New Orleans Gentilly Yard, LA",derived,
NOPB,CSX,1422,"New Orleans Mays Yard, LA",derived,
NOPB,CSX,1423,"New Orleans Avondale Yard, LA",derived,
NOPB,CSX,1425,"New Orleans Gentilly Yard, LA",derived,
NOPB,NS,1426,"New Orleans Oliver Yard, LA",derived,
NOPB,UP,1423,"New Orleans Avondale Yard, LA",derived,
NOPB,UP,1425,"New Orleans Gentilly Yard, LA",derived,
NOPB,UP,1426,"New Orleans Oliver Yard, LA",derived,
NOPB,UP,1427,"Port of New Orleans, LA",derived,
NPBL,CSX,1851,"Portsmouth Chesapeake Yard, VA",derived,
NPBL,CSX,1862,"Chesapeake Berkley Yard, VA",derived,
NPBL,NS,1299,"Lamberts Point, VA",derived,
NPBL,NS,1861,"Chesapeake Portlock Yard, VA",derived,
NYA,CSX,1128,"New York City Fresh Pond Yard, NY",derived,
NYA,PW,1128,"New York City Fresh Pond Yard, NY",derived,
NYNJ,NYA,1128,"New York City Fresh Pond Yard, NY",derived,
NYOG,CSX,3563,"Norwood, NY",derived,
NYSW,CSX,1626,"W. Syracuse CSX, NY",derived,
NYSW,CSX,2061,"Jersey City N Bergen Yard NYSW, NJ",derived,
NYSW,NS,1108,"Jersey City Croxton Yard, NJ",derived,
NYSW,NS,2061,"Jersey City N Bergen Yard NYSW, NJ",derived,
OHCR,CSX,1453,"Columbus Watkins Yard, OH",derived,
OHCR,CSX,2158,"Columbus Parsons Yard, OH",derived,
OHCR,NS,1453,"Columbus Watkins Yard, OH",derived,
OHCR,NS,1897,"Mingo Jct. NS, OH",derived,
OHCR,WE,1898,"Brewster, OH",derived,
OLB,BNSF,1292,"Lincoln Grain Terminals, NE",derived,
OLB,BNSF,1293,"Lincoln Hobson Yard, NE",derived,
OLB,UP,1292,"Lincoln Grain Terminals, NE",derived,
OPR,UP,1866,"Portland Brooklyn Yard, OR",derived,
OTVR,BNSF,1568,"Fergus Falls, MN",derived,
OTVR,BNSF,1586,"Dilworth, MN",derived,
OTVR,BNSF,2151,"French, MN",derived,
OVR,CPKC,1815,"Sudbury CPKC, ON",derived,
OVRR,CPKC,3398,"Mexico CPKC, MO",derived,
PAL,BNSF,1954,"Paducah, KY",derived,
PAL,BNSF,1956,"TVA Shawnee Power Plant, KY",derived,
PAL,CN,1954,"Paducah, KY",derived,
PAL,CSX,1949,"Madisonville Atkinson Yard, KY",derived,
PAL,CSX,2188,"Louisville Osborn Yard, KY",derived,
PAL,NS,1939,"Louisville Oak St. Yard, KY",derived,
PCHR,CN,3938,"Welland PCHR, ON",derived,
PHL,BNSF,1011,"Los Angeles Watson Yard, CA",derived,
PHL,BNSF,1014,"Long Beach PHL, CA",derived,
PHL,BNSF,1103,"Los Angeles Harbor, CA",derived,
PHL,UP,1001,"Los Angeles Dolores Yard/ICTF, CA",derived,
PHL,UP,1014,"Long Beach PHL, CA",derived,
PHL,UP,1103,"Los Angeles Harbor, CA",derived,
PHL,UP,1389,"Terminal Island PHL, CA",derived,
PHL,UP,3090,"Long Beach UP, CA",derived,
PHRR,TRRA,1493,"Granite City WR Tower, IL",derived,
PNWR,BNSF,1302,"Portland Albina Yard, OR",derived,
PNWR,BNSF,1702,"Vancouver BNSF, WA",derived,
PNWR,BNSF,1868,"Portland Lake Yard, OR",derived,
PNWR,BNSF,2649,"Rainier, OR",derived,
PNWR,UP,1024,"Eugene Bethel Yard, OR",derived,
PNWR,UP,1302,"Portland Albina Yard, OR",derived,
PNWR,UP,1548,"Eugene Yard, OR",derived,
PNWR,UP,1702,"Vancouver BNSF, WA",derived,
PNWR,UP,1820,"Salem Pringle Yard UP, OR",derived,
PNWR,UP,1823,"Albany, OR",derived,
PNWR,UP,1868,"Portland Lake Yard, OR",derived,
POHC,CSX,3953,"Neville Island, PA",derived,
POHC,NS,3954,"McKees Rocks, PA",derived,
POM,CN,1928,"Port of Montreal, QC",derived,
POM,CPKC,1928,"Port of Montreal, QC",derived,
PR,CSX,1130,"North Charleston Port PR, SC",derived,
PR,NS,1130,"North Charleston Port PR, SC",derived,
PR,NS,2616,"Charleston Columbus St. Terminal, SC",derived,
PSAP,BNSF,3335,"Centralia BNSF, WA",derived,
PSAP,BNSF,3338,"Aberdeen, WA",derived,
PSAP,UP,2618,"Centralia PSAP, WA",derived,preferred
PSAP,UP,3335,"Centralia BNSF, WA",derived,preferred
PSAP,UP,3339,"Shelton, WA",derived,preferred
PT,UP,2137,"Portland Barnes Yard UP, OR",derived,
PT,UP,2141,"Portland Peninsula Terminal, OR",derived,
PTRA,BNSF,1879,"Houston PTRA North Yard, TX",derived,preferred
PTRA,BNSF,1936,"Houston City Docks, TX",derived,preferred
PTRA,BNSF,2529,"Houston Pasadena PTRA, TX",derived,preferred
PTRA,BNSF,3351,"Houston Deer Park, TX",derived,preferred
PTRA,CPKC,1879,"Houston PTRA North Yard, TX",derived,
PTRA,CPKC,1937,"Houston Manchester Yard, TX",derived,
PTRA,UP,1879,"Houston PTRA North Yard, TX",derived,preferred
PTRA,UP,1935,"Houston Old City Yard, TX",derived,preferred
PTRA,UP,1936,"Houston City Docks, TX",derived,preferred
PTRA,UP,2529,"Houston Pasadena PTRA, TX",derived,preferred
PTRA,UP,3780,"Houston Barbours Cut PTRA, TX",derived,preferred
PTRC,BNSF,1868,"Portland Lake Yard, OR",derived,
PTRC,UP,1868,"Portland Lake Yard, OR",derived,
PVJR,BNSF,1702,"Vancouver BNSF, WA",derived,
PVRR,CSX,2785,"Westfield CSX, MA",derived,
PW,CSX,1006,"Worcester CSX, MA",derived,
PW,CSX,1128,"New York City Fresh Pond Yard, NY",derived,
PW,CSX,1560,"New Haven, CT",derived,
PW,NECR,3245,"Willimantic, CT",derived,
RCPE,BNSF,2123,"Aurora, SD",derived,
RCPE,BNSF,3303,"Wolsey, SD",derived,
RCPE,BNSF,3304,"Onida, SD",derived,
RCPE,BNSF,3310,"Crawford, NE",derived,
RCPE,CPKC,2356,"Shakopee Valley Park Yard, MN",derived,preferred
RCPE,CPKC,2562,"Tracy, MN",derived,preferred
RCPE,UP,2356,"Shakopee Valley Park Yard, MN",derived,
RFCC,NS,1119,"Raleigh Glenwood Yard, NC",derived,preferred
RJCK,BNSF,1450,"Memphis Tennessee Yard, TN",derived,
RJCL,CSX,1975,"Clinton Warwick Yard, OH",derived,
RJCM,CSX,1844,"Guthrie, KY",derived,
RJCW,CSX,2890,"Ansonia, OH",derived,preferred
RJCW,NS,3799,"Lima South Lima Yard NS, OH",derived,
RNIR,BNSF,3335,"Centralia BNSF, WA",derived,
RNIR,UP,2618,"Centralia PSAP, WA",derived,
RNIR,UP,3335,"Centralia BNSF, WA",derived,
RPRC,BNSF,1527,"Richmond BNSF, CA",derived,
RPRC,UP,1527,"Richmond BNSF, CA",derived,
RPRC,UP,2293,"Richmond RPRC, CA",derived,
RRRR,BNSF,3323,"Pueblo BNSF, CO",derived,
RRRR,UP,3323,"Pueblo BNSF, CO",derived,
RRRR,UP,3324,"Pueblo UP, CO",derived,
RRRR,UP,3327,"Parkdale, CO",derived,
RRVW,BNSF,1603,"Casselton, ND",derived,
RRVW,BNSF,1605,"Breckenridge, MN",derived,
RRVW,BNSF,2324,"Wahpeton, ND",derived,
RRVW,BNSF,2426,"Hankinson RRVW, ND",derived,
RSL,RJCL,3836,"Massillon Energy & Tech Park, OH",derived,
RSOR,CSX,3359,"Savannah Southover Yard, GA",derived,
RSR,NS,1848,"Silver Springs, NY",derived,
RWRR,BNSF,3117,"Kennebec, SD",derived,preferred
SAPT,CSX,1919,"Savannah Garden City SAPT, GA",derived,
SAPT,CSX,3363,"Savannah Garden City CSX, GA",derived,
SAPT,NS,1919,"Savannah Garden City SAPT, GA",derived,
SCIH,NS,2130,"Indiana Harbor Works, IN",derived,
SCIH,NS,3001,"Hammond Colehour Yard, IN",derived,
SCRF,CSX,3143,"Florence, SC",derived,
SCXF,CSX,1126,"Clewiston, FL",derived,
SCXF,FEC,1405,"Fort Pierce, FL",derived,
SDIY,BNSF,2145,"San Diego, CA",derived,
SERA,BNSF,2023,"Riverbank, CA",derived,
SERA,BNSF,2024,"Oakdale, CA",derived,
SERA,UP,2024,"Oakdale, CA",derived,
SERA,UP,2622,"Sonora, CA",derived,
SGLR,CSX,1542,"Bradenton, FL",derived,
SJVR,BNSF,1013,"Bakersfield Kern Jct., CA",derived,
SJVR,BNSF,1015,"Bakersfield BNSF Yard, CA",derived,
SJVR,BNSF,2328,"Levee, CA",derived,
SJVR,UP,1013,"Bakersfield Kern Jct., CA",derived,
SJVR,UP,1021,"Fresno UP Yard, CA",derived,
SJVR,UP,1651,"Goshen, CA",derived,
SJVR,UP,2313,"Helm, CA",derived,
SKOL,BNSF,2184,"Tulsa Cherokee Yard, OK",derived,
SKOL,CPKC,2809,"Pittsburg, KS",derived,
SKOL,UP,2184,"Tulsa Cherokee Yard, OK",derived,
SKOL,UP,2826,"Wichita SKOL, KS",derived,
SKOL,UP,2832,"Coffeyville SKOL, KS",derived,
SLR,CN,3943,"Saint-Lambert Southwark Yard, QC",derived,preferred
SLR,CPKC,2269,"Lennoxville, QC",derived,
SLR,CSX,2272,"Danville Jct, ME",derived,
SMV,UP,1035,"Guadalupe, CA",derived,
SORA,CN,2796,"Moose Jaw Junction, SK",derived,preferred
SPP,UP,1790,"Watsonville Jct., CA",derived,
SRRR,BNSF,2845,"Speer, WY",derived,
SRRR,UP,2845,"Speer, WY",derived,
SRY,BNSF,1652,"New Westminster Trapp Yard, BC",derived,
SS,BNSF,2184,"Tulsa Cherokee Yard, OK",derived,preferred
SS,UP,2184,"Tulsa Cherokee Yard, OK",derived,
SS,SKOL,2184,"Tulsa Cherokee Yard, OK",derived,
STE,BNSF,1353,"Stockton Mormon Yard, CA",derived,
STE,UP,1354,"Stockton UP, CA",derived,
STMA,UP,2199,"Plummer, ID",derived,
SVHO,CSX,3359,"Savannah Southover Yard, GA",derived,
SWP,NS,2069,"Youngwood, PA",derived,
SWP,WE,2036,"Scottdale, PA",derived,
TASD,CN,2805,"Mobile McDuffie Terminal, AL",derived,
TASD,AGR,2019,"Mobile State Docks, AL",derived,
TCB,BNSF,2031,"Midlothian, TX",derived,
TCB,BNSF,2032,"Midlothian Railport BNSF, TX",derived,
TCB,UP,2032,"Midlothian Railport BNSF, TX",derived,
TCWR,BNSF,1391,"St. Paul Midway Yard, MN",derived,
TCWR,CPKC,1176,"St. Paul Hoffman Yard UP, MN",derived,
TCWR,CPKC,1391,"St. Paul Midway Yard, MN",derived,
TCWR,UP,1176,"St. Paul Hoffman Yard UP, MN",derived,
TCWR,UP,1391,"St. Paul Midway Yard, MN",derived,
TMBL,BNSF,1503,"Tacoma BNSF Yard, WA",derived,
TMBL,BNSF,1554,"Tacoma Port Yard, WA",derived,
TMBL,UP,1502,"Tacoma Fife Yard, WA",derived,
TMBL,UP,1503,"Tacoma BNSF Yard, WA",derived,
TMBL,UP,1554,"Tacoma Port Yard, WA",derived,
TNER,UP,1729,"Texarkana, AR",derived,
TPW,BNSF,3658,"East Peoria TZPR, IL",derived,
TPW,BNSF,3661,"Peoria TZPR, IL",derived,
TPW,CN,2468,"Clymers TPW, IN",derived,
TPW,CN,3658,"East Peoria TZPR, IL",derived,
TPW,CSX,1534,"Lafayette CSX Yard, IN",derived,
TPW,IAIS,3658,"East Peoria TZPR, IL",derived,
TPW,IAIS,3661,"Peoria TZPR, IL",derived,
TPW,IAIS,3664,"Mapleton TPW, IL",derived,
TPW,NS,1534,"Lafayette CSX Yard, IN",derived,
TPW,NS,3658,"East Peoria TZPR, IL",derived,
TPW,UP,3658,"East Peoria TZPR, IL",derived,
TPW,UP,3661,"Peoria TZPR, IL",derived,
TPW,UP,3662,"Peoria Adams St. Yard, IL",derived,
TPW,UP,3687,"Watseka, IL",derived,
TRRA,BNSF,1364,"E. St. Louis Madison Yard, IL",derived,
TRRA,BNSF,1493,"Granite City WR Tower, IL",derived,
TRRA,BNSF,1562,"St. Louis North Market, MO",derived,
TRRA,BNSF,1736,"St. Louis Lindenwood Yard, MO",derived,
TRRA,CN,1300,"E. St. Louis Gateway Yard, IL",derived,
TRRA,CN,1364,"E. St. Louis Madison Yard, IL",derived,
TRRA,CPKC,1300,"E. St. Louis Gateway Yard, IL",derived,
TRRA,CPKC,1364,"E. St. Louis Madison Yard, IL",derived,
TRRA,CSX,1300,"E. St. Louis Gateway Yard, IL",derived,
TRRA,CSX,1364,"E. St. Louis Madison Yard, IL",derived,
TRRA,NS,1277,"St. Louis Luther Yard, MO",derived,
TRRA,NS,1300,"E. St. Louis Gateway Yard, IL",derived,
TRRA,NS,1342,"Granite City Smith Yard, IL",derived,
TRRA,NS,1364,"E. St. Louis Madison Yard, IL",derived,
TRRA,UP,1300,"E. St. Louis Gateway Yard, IL",derived,
TRRA,UP,1364,"E. St. Louis Madison Yard, IL",derived,
TRRA,UP,1562,"St. Louis North Market, MO",derived,
TSRR,CSX,1852,"Spring Hill, TN",derived,
TSU,UP,2184,"Tulsa Cherokee Yard, OK",derived,
TVRM,CSX,2341,"Chattanooga Tyner, TN",derived,
TVRM,NS,2341,"Chattanooga Tyner, TN",derived,preferred
TZPR,BNSF,2093,"Pekin TZPR, IL",derived,
TZPR,BNSF,3658,"East Peoria TZPR, IL",derived,
TZPR,BNSF,3661,"Peoria TZPR, IL",derived,
TZPR,CN,3658,"East Peoria TZPR, IL",derived,
TZPR,UP,2093,"Pekin TZPR, IL",derived,
TZPR,UP,3658,"East Peoria TZPR, IL",derived,
TZPR,UP,3661,"Peoria TZPR, IL",derived,
TZPR,IAIS,3658,"East Peoria TZPR, IL",derived,
TZPR,IAIS,3661,"Peoria TZPR, IL",derived,
URR,NS,1693,"Clairton, PA",derived,
URR,WE,1693,"Clairton, PA",derived,
URR,WE,2572,"Mifflin Jct., PA",derived,
VSOR,CPKC,1972,"Vicksburg, MS",derived,
WE,CN,1763,"Toledo Lang Yard, OH",derived,
WE,CSX,1028,"Willard, OH",derived,
WE,CSX,1456,"Connellsville, PA",derived,
WE,CSX,1763,"Toledo Lang Yard, OH",derived,
WE,CSX,2765,"Hartland Station, OH",derived,
WE,NS,1647,"Bellevue Moorman Yard, OH",derived,
WE,NS,1693,"Clairton, PA",derived,
WE,NS,2371,"Cleveland Campbell Road Yard, OH",derived,
WE,NS,2765,"Hartland Station, OH",derived,
WE,NS,3812,"Lima Ford Park Yard IORY, OH",derived,
WE,NS,3869,"Canton Yard, OH",derived,
WSOR,CN,1473,"Chicago Clearing Yard, IL",derived,
WSOR,CN,1707,"Ackerville, WI",derived,
WSOR,CN,3516,"North Fond Du Lac Shops Yard, WI",derived,
WSOR,CPKC,1473,"Chicago Clearing Yard, IL",derived,
WSOR,CPKC,1681,"Milwaukee Muskego Yard, WI",derived,
WSOR,CPKC,1707,"Ackerville, WI",derived,
WSOR,BNSF,1215,"La Crosse BNSF Yard, WI",derived,
WSOR,BNSF,1473,"Chicago Clearing Yard, IL",derived,
WSOR,UP,1473,"Chicago Clearing Yard, IL",derived,
WSOR,UP,1707,"Ackerville, WI",derived,
WSOR,BRC,1473,"Chicago Clearing Yard, IL",derived,
WSS,CSX,1127,"Hamlet, NC",derived,
WSS,CSX,2747,"Winston-Salem Bill Yard, NC",derived,
WSS,NS,1175,"Winston-Salem North Winston Yard, NC",derived,
WTA,BNSF,2824,"Wichita BNSF Yard, KS",derived,
WTA,UP,2824,"Wichita BNSF Yard, KS",derived,
WTA,UP,2825,"Wichita UP Yard, KS",derived,
